,node1,node2,length,startYear,endYear,startLat,startLon,endLat,endLon,startRegion,endRegion,startHost,endHost,tipLabel
0,0,1,0.0,2020.470778836503,2020.470778836503,66.7060399059731,64.2646912569477,66.7633346346497,92.84756897569564,europe,europe,gds,gds,
1,0,4,0.0,2020.470778836503,2020.470778836503,66.7060399059731,64.2646912569477,66.45469106989054,21.051927319916643,europe,europe,gds,seab,
2,1,3,0.7505048555885147,2021.2234207194913,2021.2234207194913,66.7633346346497,92.84756897569564,66.75539892049171,93.84910384488761,europe,europe,gds,gds,EPI_ISL_16209277|A/shelduck/Kalmykia/1814-1/2021|H5N5|Europe|2021-11-08|wild_avian|A6
3,1,2,0.7505048555885147,2021.2234207194913,2021.2234207194913,66.7633346346497,92.84756897569564,66.75539663133559,93.84976978450023,europe,europe,gds,gds,EPI_ISL_16209278|A/waterfowl/Russia/1526-4/2021|H5N5|Europe|2021-09-28|wild_avian|A6
4,4,722,0.8520748290428058,2021.3316660934754,2021.3316660934754,66.45469106989054,21.051927319916643,78.63641175543675,21.990781883338787,europe,europe,seab,seab,EPI_ISL_18963366|A/Great_skua/Norway/2022-07-1486-5/2022|H5N5|Europe|2022-07-07|wild_avian|A6
5,4,5,0.8520748290428058,2021.3316660934754,2021.3316660934754,66.45469106989054,21.051927319916643,64.15208481450833,12.665997142721796,europe,europe,seab,bdpr,
6,5,6,0.1991085269629056,2021.5089310326746,2021.5089310326746,64.15208481450833,12.665997142721796,64.04179387300925,12.428655413746405,europe,europe,bdpr,bdpr,
7,5,9,0.1991085269629056,2021.5089310326746,2021.5089310326746,64.15208481450833,12.665997142721796,64.00435900693081,12.059363228405527,europe,europe,bdpr,bdpr,
8,6,7,0.11958391511596177,2021.6329136215795,2021.6329136215795,64.04179387300925,12.428655413746405,63.98841015279233,12.306263983053208,europe,europe,bdpr,bdpr,EPI_ISL_18901717|A/White-tailed_eagle/Norway/2022-07-1141-5/2022|H5N5|Europe|2022-06-15|wild_avian|A6
9,6,8,0.11958391511596177,2021.6329136215795,2021.6329136215795,64.04179387300925,12.428655413746405,63.98939768381158,12.307109485200652,europe,europe,bdpr,bdpr,EPI_ISL_18860084|A/White-tailed_eagle/Norway/2022-07-100/2022|H5N5|Europe|2022-02-25|wild_avian|A6
10,9,10,0.12583458497339983,2021.662493745723,2021.662493745723,64.00435900693081,12.059363228405527,64.04119746338452,12.07619646900782,europe,europe,bdpr,bdpr,
11,9,13,0.12583458497339983,2021.662493745723,2021.662493745723,64.00435900693081,12.059363228405527,64.13209169501025,10.400068872570506,europe,europe,bdpr,seab,
12,10,12,0.061778026975344645,2021.7385755459707,2021.7385755459707,64.04119746338452,12.07619646900782,63.989036872555374,12.311570063555596,europe,europe,bdpr,bdpr,EPI_ISL_18901686|A/White-tailed_eagle/Norway/2022-07-977-1/2022|H5N5|Europe|2022-05-24|wild_avian|A6
13,10,11,0.061778026975344645,2021.7385755459707,2021.7385755459707,64.04119746338452,12.07619646900782,63.98933706792729,12.308514041101072,europe,europe,bdpr,bdpr,EPI_ISL_18901641|A/White-tailed_eagle/Norway/2022-07-198-1/2022|H5N5|Europe|2022-03-24|wild_avian|A6
14,13,615,0.07324027298738221,2021.7663081446835,2021.7663081446835,64.13209169501025,10.400068872570506,63.80422809569206,2.379933445617649,europe,europe,seab,seab,
15,13,14,0.07324027298738221,2021.7663081446835,2021.7663081446835,64.13209169501025,10.400068872570506,64.09116846563879,12.41575101653326,europe,europe,seab,seab,
16,14,15,0.10068960414723235,2021.8773440950729,2021.8773440950729,64.09116846563879,12.41575101653326,64.00264682681326,12.288962538520279,europe,europe,seab,seab,
17,14,18,0.10068960414723235,2021.8773440950729,2021.8773440950729,64.09116846563879,12.41575101653326,63.922743434363525,12.866088191706725,europe,europe,seab,seab,
18,15,17,0.6169771262928543,2022.5869263588597,2022.5869263588597,64.00264682681326,12.288962538520279,63.98911958768458,12.309351784742313,europe,europe,seab,seab,EPI_ISL_18851409|A/Great_black-backed_gull/Norway/2022-07-3018-2/2022|H5N5|Europe|2022-10-03|wild_avian|A6
19,15,16,0.6169771262928543,2022.5869263588597,2022.5869263588597,64.00264682681326,12.288962538520279,63.989390260780745,12.306758539030437,europe,europe,seab,seab,EPI_ISL_18901649|A/Great_black-backed_gull/Norway/2022-07-2739-1/2022|H5N5|Europe|2022-09-20|wild_avian|A6
20,18,612,0.05620305939375553,2021.9172455424778,2021.9172455424778,63.922743434363525,12.866088191706725,64.07214568414412,13.470426864309298,europe,europe,seab,bdpr,
21,18,19,0.05620305939375553,2021.9172455424778,2021.9172455424778,63.922743434363525,12.866088191706725,64.00068379002364,12.306562328822915,europe,europe,seab,seab,
22,19,20,0.07074875551230535,2022.0085935285683,2022.0085935285683,64.00068379002364,12.306562328822915,63.99079338982134,12.307333179195695,europe,europe,seab,seab,EPI_ISL_18856025|A/Herring_gull/Norway/2022-07-1141-3/2022|H5N5|Europe|2022-06-15|wild_avian|A6
23,19,21,0.07074875551230535,2022.0085935285683,2022.0085935285683,64.00068379002364,12.306562328822915,63.97916518541892,12.492994870552875,europe,europe,seab,seab,
24,21,611,0.0395990143432766,2022.0218408197509,2022.0218408197509,63.97916518541892,12.492994870552875,63.990619622958874,12.306350845316912,europe,europe,seab,bdpr,EPI_ISL_18901687|A/White-tailed_eagle/Norway/2022-07-981-1/2022|H5N5|Europe|2022-06-08|wild_avian|A6
25,21,22,0.0395990143432766,2022.0218408197509,2022.0218408197509,63.97916518541892,12.492994870552875,63.995997235434395,12.575160843340951,europe,europe,seab,seab,
26,22,610,0.06630088165099313,2022.08607629816,2022.08607629816,63.995997235434395,12.575160843340951,63.993757580348934,12.311035244295153,europe,europe,seab,seab,EPI_ISL_18838729|A/Great_black-backed_gull/Norway/2022-07-1137-1/2022|H5N5|Europe|2022-06-15|wild_avian|A6
27,22,23,0.06630088165099313,2022.08607629816,2022.08607629816,63.995997235434395,12.575160843340951,63.96508864442223,12.43224918168923,europe,europe,seab,seab,
28,23,24,0.10327003926968999,2022.1884204491419,2022.1884204491419,63.96508864442223,12.43224918168923,63.99058426809551,12.30436945551128,europe,europe,seab,bdpr,EPI_ISL_18901684|A/White-tailed_eagle/Norway/2022-07-693-1/2022|H5N5|Europe|2022-05-13|wild_avian|A6
29,23,25,0.10327003926968999,2022.1884204491419,2022.1884204491419,63.96508864442223,12.43224918168923,63.90652985882481,12.457320813501783,europe,europe,seab,seab,
30,25,609,0.056740680435686065,2022.2451611295774,2022.2451611295774,63.90652985882481,12.457320813501783,63.989454394657116,12.308651963317734,europe,europe,seab,bdpr,EPI_ISL_18901678|A/White-tailed_eagle/Norway/2022-07-446-1/2022|H5N5|Europe|2022-05-04|wild_avian|A6
31,25,26,0.056740680435686065,2022.2451611295774,2022.2451611295774,63.90652985882481,12.457320813501783,63.8845556025662,12.482835677569643,europe,europe,seab,seab,
32,26,606,0.026155592996625603,2022.2724481635755,2022.2724481635755,63.8845556025662,12.482835677569643,63.98671973592119,12.308755768801102,europe,europe,seab,seab,
33,26,27,0.026155592996625603,2022.2724481635755,2022.2724481635755,63.8845556025662,12.482835677569643,63.317668309164674,12.648159559828166,europe,europe,seab,seab,
34,27,605,0.08483242966574626,2022.344262548899,2022.344262548899,63.317668309164674,12.648159559828166,63.99017957287563,12.308240602951125,europe,europe,seab,seab,EPI_ISL_18877920|A/Northern_gannet/Norway/2022-07-1233-1/2022|H5N5|Europe|2022-06-21|wild_avian|A6
35,27,28,0.08483242966574626,2022.344262548899,2022.344262548899,63.317668309164674,12.648159559828166,51.43675617650645,20.13190075622516,europe,europe,seab,seab,
36,28,542,0.6493266071027569,2022.9935891560017,2022.9935891560017,51.43675617650645,20.13190075622516,37.541894898272595,125.74595045627343,europe,asia,seab,scav,
37,28,29,0.6493266071027569,2022.9935891560017,2022.9935891560017,51.43675617650645,20.13190075622516,52.636023390196605,-4.862817214943173,europe,europe,seab,seab,
38,29,30,0.11678719711908012,2023.1101813422652,2023.1101813422652,52.636023390196605,-4.862817214943173,52.071409362195446,-12.00348295540994,europe,europe,seab,seab,
39,29,53,0.11678719711908012,2023.1101813422652,2023.1101813422652,52.636023390196605,-4.862817214943173,53.68252059032313,-18.03900555794711,europe,europe,seab,seab,
40,30,31,0.2171116841305433,2023.3273585881698,2023.3273585881698,52.071409362195446,-12.00348295540994,43.932576883675544,-59.9187794625409,europe,east-canada,seab,seab,EPI_ISL_19750584|A/Great_Black-Backed_Gull/NS/FAV-0245-6/2024|H5N5|North_America|2024-04-09|wild_avian|A6
41,30,32,0.2171116841305433,2023.3273585881698,2023.3273585881698,52.071409362195446,-12.00348295540994,52.45078891507459,-11.885759040655827,europe,europe,seab,seab,
42,32,33,0.1395981023732539,2023.466956690543,2023.466956690543,52.45078891507459,-11.885759040655827,45.647387246122754,-60.55280618543284,europe,east-canada,seab,scav,
43,32,38,0.1395981023732539,2023.466956690543,2023.466956690543,52.45078891507459,-11.885759040655827,53.965250972039485,-3.9382589675680655,europe,europe,seab,seab,
44,33,34,1.565830294173479,2025.0327869847165,2025.0327869847165,45.647387246122754,-60.55280618543284,45.07450003986127,-64.49520892473137,east-canada,east-canada,scav,scav,EPI_ISL_20067312|A/American_Crow/NS/FAV-0157-2/2025|H5N5|North_America|2025-04-29|wild_avian|A6
45,33,35,1.565830294173479,2025.0327869847165,2025.0327869847165,45.647387246122754,-60.55280618543284,45.091769544873635,-64.35380483929417,east-canada,east-canada,scav,scav,
46,35,36,0.11780639478713514,2025.1505933795036,2025.1505933795036,45.091769544873635,-64.35380483929417,45.08801701620724,-64.3582197302454,east-canada,east-canada,scav,scav,EPI_ISL_20067293|A/American_Crow/NS/FAV-0116-2/2025|H5N5|North_America|2025-03-05|wild_avian|A6
47,35,37,0.11780639478713514,2025.1505933795036,2025.1505933795036,45.091769544873635,-64.35380483929417,45.0897420875062,-64.35683195928682,east-canada,east-canada,scav,scav,EPI_ISL_20067291|A/American_Crow/NS/FAV-0116-1/2025|H5N5|North_America|2025-03-05|wild_avian|A6
48,38,48,0.11572761489005133,2023.582684305433,2023.582684305433,53.965250972039485,-3.9382589675680655,54.2160002332269,-2.756528411558779,europe,europe,seab,seab,
49,38,39,0.11572761489005133,2023.582684305433,2023.582684305433,53.965250972039485,-3.9382589675680655,54.01274271221284,-2.6779716549840686,europe,europe,seab,seab,
50,39,40,0.06681767287865985,2023.6777399286204,2023.6777399286204,54.01274271221284,-2.6779716549840686,54.00406474842686,-2.5496192060330163,europe,europe,seab,seab,EPI_ISL_18592431|A/Common_gull/England/129428/2023|H5N5|Europe|2023-10-27|wild_avian|A6
51,39,41,0.06681767287865985,2023.6777399286204,2023.6777399286204,54.01274271221284,-2.6779716549840686,53.96689426580825,-2.599000906309588,europe,europe,seab,seab,
52,41,42,0.031742948020920994,2023.7019855780434,2023.7019855780434,53.96689426580825,-2.599000906309588,53.99995038802222,-2.5480464775475085,europe,europe,seab,seab,EPI_ISL_18592415|A/Great_Black-Backed_Gull/Scotland/123498/2023|H5N5|Europe|2023-09-25|wild_avian|A6
53,41,43,0.031742948020920994,2023.7019855780434,2023.7019855780434,53.96689426580825,-2.599000906309588,53.990421445042976,-2.6107811580624016,europe,europe,seab,seab,
54,43,47,0.02810603406690779,2023.7325434780953,2023.7325434780953,53.990421445042976,-2.6107811580624016,54.004982837840735,-2.5489472888843205,europe,europe,seab,seab,EPI_ISL_18592416|A/Gannet/Scotland/124903/2023|H5N5|Europe|2023-10-09|wild_avian|A6
55,43,44,0.02810603406690779,2023.7325434780953,2023.7325434780953,53.990421445042976,-2.6107811580624016,53.99782467397389,-2.5615890261047953,europe,europe,seab,seab,
56,44,45,0.02309231658760685,2023.74810121561,2023.74810121561,53.99782467397389,-2.5615890261047953,54.002894583933106,-2.549405245343463,europe,europe,seab,seab,EPI_ISL_18592433|A/Herring_gull/England/404384/2023|H5N5|Europe|2023-10-10|wild_avian|A6
57,44,46,0.02309231658760685,2023.74810121561,2023.74810121561,53.99782467397389,-2.5615890261047953,54.004297183105486,-2.545798870804829,europe,europe,seab,seab,EPI_ISL_18592432|A/Herring_gull/England/404234/2023|H5N5|Europe|2023-10-06|wild_avian|A6
58,48,49,0.04630919288246764,2023.6331260475627,2023.6331260475627,54.2160002332269,-2.756528411558779,54.00465347241396,-2.546465877721468,europe,europe,seab,seab,EPI_ISL_18378733|A/Herring_Gull/England/123277/2023|H5N5|Europe|2023-09-25|wild_avian|A6
59,48,50,0.04630919288246764,2023.6331260475627,2023.6331260475627,54.2160002332269,-2.756528411558779,54.294374286495845,-1.846297282916696,europe,europe,seab,seab,
60,50,52,0.040760473578414155,2023.6572457012392,2023.6572457012392,54.294374286495845,-1.846297282916696,54.00373590979725,-2.5461320987979086,europe,europe,seab,scav,EPI_ISL_18592430|A/Common_buzzard/England/264162/2023|H5N5|Europe|2023-11-03|wild_avian|A6
61,50,51,0.040760473578414155,2023.6572457012392,2023.6572457012392,54.294374286495845,-1.846297282916696,63.99395095814916,12.307137033807056,europe,europe,seab,bdpr,EPI_ISL_18961445|A/White-tailed_eagle/Norway/2023-07-2937-1/2023|H5N5|Europe|2023-10-04|wild_avian|A6
62,53,351,0.10624271209776064,2023.2164869530047,2023.2164869530047,53.68252059032313,-18.03900555794711,50.61534604313112,-38.889661202397846,europe,east-canada,seab,seab,
63,53,54,0.10624271209776064,2023.2164869530047,2023.2164869530047,53.68252059032313,-18.03900555794711,56.02468370969426,-11.828674737678885,europe,europe,seab,seab,
64,54,208,0.08220831667761683,2023.3006444371367,2023.3006444371367,56.02468370969426,-11.828674737678885,57.362043679994535,-11.413679063015259,europe,europe,seab,seab,
65,54,55,0.08220831667761683,2023.3006444371367,2023.3006444371367,56.02468370969426,-11.828674737678885,59.17100816532903,-5.981664824682186,europe,europe,seab,seab,
66,55,56,0.0997772094260127,2023.4660882985434,2023.4660882985434,59.17100816532903,-5.981664824682186,59.59708635307074,-3.083147737328363,europe,europe,seab,seab,
67,55,61,0.0997772094260127,2023.4660882985434,2023.4660882985434,59.17100816532903,-5.981664824682186,59.62082973306259,2.1617136509552197,europe,europe,seab,seab,
68,56,60,0.047862761348461985,2023.4255439350072,2023.4255439350072,59.59708635307074,-3.083147737328363,64.9995093530105,-18.002382575065116,europe,europe,seab,gds,EPI_ISL_18497662|A/Common_eider/Iceland/2023AI08561/2023|H5N5|Europe|2023-09-25|wild_avian|A6
69,56,57,0.047862761348461985,2023.4255439350072,2023.4255439350072,59.59708635307074,-3.083147737328363,63.97154876098875,12.278973983007512,europe,europe,seab,mammal,
70,57,58,0.45178430041985734,2024.1007005000154,2024.1007005000154,63.97154876098875,12.278973983007512,63.991239372030634,12.308303674999378,europe,europe,mammal,mammal,EPI_ISL_19232151|A/Red_fox/Norway/2024-80-16-1/2024|H5N5|Europe|2024-02-21|nonhuman_mammal|A6
71,57,59,0.45178430041985734,2024.1007005000154,2024.1007005000154,63.97154876098875,12.278973983007512,63.988151757644246,12.309193693884055,europe,europe,mammal,mammal,EPI_ISL_19232150|A/Red_fox/Norway/2024-80-12-1/2024|H5N5|Europe|2024-02-15|nonhuman_mammal|A6
72,61,151,0.2129349994346301,2023.8102738869827,2023.8102738869827,59.62082973306259,2.1617136509552197,55.25572515811842,-3.3666137584851406,europe,europe,seab,seab,
73,61,62,0.2129349994346301,2023.8102738869827,2023.8102738869827,59.62082973306259,2.1617136509552197,62.859518924471395,8.467594901539533,europe,europe,seab,seab,
74,62,63,0.4616154254972726,2024.1470256978487,2024.1470256978487,62.859518924471395,8.467594901539533,63.323493711877134,9.13324018019563,europe,europe,seab,seab,
75,62,80,0.4616154254972726,2024.1470256978487,2024.1470256978487,62.859518924471395,8.467594901539533,63.12910112092239,10.660431952781051,europe,europe,seab,seab,
76,63,79,0.12429811495083695,2024.2570901599504,2024.2570901599504,63.323493711877134,9.13324018019563,63.99201817936107,12.307144353821705,europe,europe,seab,seab,EPI_ISL_19510710|A/Gull/Norway/2024-07-2684-1/2024|H5N5|Europe|2024-10-10|wild_avian|A6
77,63,64,0.12429811495083695,2024.2570901599504,2024.2570901599504,63.323493711877134,9.13324018019563,63.49935016431704,4.644970598733881,europe,europe,seab,seab,
78,64,74,0.5584803929776112,2024.6028262665275,2024.6028262665275,63.49935016431704,4.644970598733881,63.865925116731525,9.287365476419025,europe,europe,seab,seab,
79,64,65,0.5584803929776112,2024.6028262665275,2024.6028262665275,63.49935016431704,4.644970598733881,63.444838642512856,-1.630366859586908,europe,europe,seab,mammal,
80,65,66,0.10756533013469219,2024.7108009127626,2024.7108009127626,63.444838642512856,-1.630366859586908,46.54106999999948,-63.63407000000006,europe,east-canada,mammal,mammal,EPI_ISL_19750595|A/Red_Fox/PEI/FAV-0417-1/2024|H5N5|North_America|2024-11-26|nonhuman_mammal|A6
81,65,67,0.10756533013469219,2024.7108009127626,2024.7108009127626,63.444838642512856,-1.630366859586908,63.87056003485205,-2.9988761748802557,europe,europe,mammal,mammal,
82,67,71,0.0632118576722264,2024.7688915404715,2024.7688915404715,63.87056003485205,-2.9988761748802557,63.983445314138386,11.954488966393466,europe,europe,mammal,mammal,
83,67,68,0.0632118576722264,2024.7688915404715,2024.7688915404715,63.87056003485205,-2.9988761748802557,64.29232275238174,-13.419849293545587,europe,europe,mammal,mammal,
84,68,70,0.08164441641646925,2024.8400770796338,2024.8400770796338,64.29232275238174,-13.419849293545587,65.00152460116269,-17.99927931995379,europe,europe,mammal,seab,EPI_ISL_20142265|A/Iceland_gull/Iceland/2025AI03229/2025|H5N5|Europe|2025-03-07|wild_avian|A6
85,68,69,0.08164441641646925,2024.8400770796338,2024.8400770796338,64.29232275238174,-13.419849293545587,64.99635334049538,-17.999866942345342,europe,europe,mammal,mammal,EPI_ISL_19704719|A/cat/Iceland/2025AI00605/2024|H5N5|Europe|2024-12-23|nonhuman_mammal|A6
86,71,72,0.4079817169216512,2025.1391013066832,2025.1391013066832,63.983445314138386,11.954488966393466,63.98971536661532,12.306071729872171,europe,europe,mammal,mammal,EPI_ISL_20068179|A/Red_Fox/Norway/2025-80-74-1-15/2025|H5N5|Europe|2025-04-10|nonhuman_mammal|A6
87,71,73,0.4079817169216512,2025.1391013066832,2025.1391013066832,63.983445314138386,11.954488966393466,63.98965069002399,12.309417938729245,europe,europe,mammal,mammal,EPI_ISL_19880213|A/Red_fox/Norway/2025-80-74/2025|H5N5|Europe|2025-04-10|nonhuman_mammal|A6
88,74,75,0.10233537705341743,2024.7056157611646,2024.7056157611646,63.865925116731525,9.287365476419025,63.98923333479524,12.30893585466266,europe,europe,seab,seab,EPI_ISL_20127651|A/Common_gull/Norway/2025-07-1759-1-1/2025|H5N5|Europe|2025-07-15|wild_avian|A6
89,74,76,0.10233537705341743,2024.7056157611646,2024.7056157611646,63.865925116731525,9.287365476419025,63.99163057571506,12.311173245104866,europe,europe,seab,seab,
90,76,77,0.14351918198433797,2024.8482617455031,2024.8482617455031,63.99163057571506,12.311173245104866,63.988152507575535,12.309947756818971,europe,europe,seab,seab,EPI_ISL_19575904|A/Great_black-backed_gull/Norway/2024-07-3000-1T/2024|H5N5|Europe|2024-11-12|wild_avian|A6
91,76,78,0.14351918198433797,2024.8482617455031,2024.8482617455031,63.99163057571506,12.311173245104866,63.990128190723915,12.306129774906784,europe,europe,seab,seab,EPI_ISL_19561787|A/Gull/Norway/2024-07-3000-2/2024|H5N5|Europe|2024-11-12|wild_avian|A6
92,80,138,0.18712133707835926,2024.2861944396914,2024.2861944396914,63.12910112092239,10.660431952781051,65.04227498918716,12.504702845187031,europe,europe,seab,seab,
93,80,81,0.18712133707835926,2024.2861944396914,2024.2861944396914,63.12910112092239,10.660431952781051,61.75999411588595,12.64715654514912,europe,europe,seab,seab,
94,81,137,0.279317394280351,2024.5545215835175,2024.5545215835175,61.75999411588595,12.64715654514912,64.84169964143082,25.568697056986785,europe,europe,seab,bdpr,EPI_ISL_20134500|A/golden_eagle/Finland/5959/2025|H5N5|Europe|2025-06-13|wild_avian|A6
95,81,82,0.279317394280351,2024.5545215835175,2024.5545215835175,61.75999411588595,12.64715654514912,60.89549736686923,12.469275140635432,europe,europe,seab,seab,
96,82,132,0.08339556632440878,2024.621852186868,2024.621852186868,60.89549736686923,12.469275140635432,57.50259019011877,35.17836147547279,europe,europe,seab,seab,
97,82,83,0.08339556632440878,2024.621852186868,2024.621852186868,60.89549736686923,12.469275140635432,60.5915414568717,6.1486839934354105,europe,europe,seab,seab,
98,83,119,0.08276042321059827,2024.69993416685,2024.69993416685,60.5915414568717,6.1486839934354105,60.87309511050353,4.263207143537672,europe,europe,seab,seab,
99,83,84,0.08276042321059827,2024.69993416685,2024.69993416685,60.5915414568717,6.1486839934354105,59.92743651493969,3.91350134343642,europe,europe,seab,seab,
100,84,85,0.02278146620813921,2024.7516227472556,2024.7516227472556,59.92743651493969,3.91350134343642,60.63557856989877,-1.9280613860627525,europe,europe,seab,seab,
101,84,88,0.02278146620813921,2024.7516227472556,2024.7516227472556,59.92743651493969,3.91350134343642,58.89176510080145,3.790604895527399,europe,europe,seab,seab,
102,85,86,0.10978142410707141,2024.8618189598528,2024.8618189598528,60.63557856989877,-1.9280613860627525,54.000611112107734,-2.543633852818947,europe,europe,seab,bdpr,EPI_ISL_19800935|A/Barn_Owl/Scotland/014863/2025|H5N5|Europe|2025-02-19|wild_avian|A6
103,85,87,0.10978142410707141,2024.8618189598528,2024.8618189598528,60.63557856989877,-1.9280613860627525,64.99922441609723,-17.99599714476202,europe,europe,seab,seab,EPI_ISL_19704717|A/Black-legged_Kittiwake/Iceland/2025AI00596/2024|H5N5|Europe|2024-12-12|wild_avian|A6
104,88,89,0.047448073043178766,2024.782625258521,2024.782625258521,58.89176510080145,3.790604895527399,54.00369938803736,-2.546607003099355,europe,europe,seab,seab,EPI_ISL_19779830|A/Herring_Gull/England/286555/2025|H5N5|Europe|2025-02-17|wild_avian|A6
105,88,90,0.047448073043178766,2024.782625258521,2024.782625258521,58.89176510080145,3.790604895527399,58.29336792907009,3.278608675088041,europe,europe,seab,seab,
106,90,91,0.040986576873738384,2024.8209896295657,2024.8209896295657,58.29336792907009,3.278608675088041,63.988080841677935,12.307693534573882,europe,europe,seab,seab,EPI_ISL_19614580|A/Gull/Norway/2024-07-3071-1/2024|H5N5|Europe|2024-11-28|wild_avian|A6
107,90,92,0.040986576873738384,2024.8209896295657,2024.8209896295657,58.29336792907009,3.278608675088041,54.75288733431279,-1.590668008988933,europe,europe,seab,seab,
108,92,93,0.11379268486296025,2024.9341478101442,2024.9341478101442,54.75288733431279,-1.590668008988933,53.8995929902881,-1.9955834231983225,europe,europe,seab,seab,
109,92,104,0.11379268486296025,2024.9341478101442,2024.9341478101442,54.75288733431279,-1.590668008988933,54.04277514070316,-3.0457753188415495,europe,europe,seab,seab,
110,93,101,0.04067979060517337,2025.0197055238543,2025.0197055238543,53.8995929902881,-1.9955834231983225,54.037270582754864,-2.560477088699693,europe,europe,seab,seab,
111,93,94,0.04067979060517337,2025.0197055238543,2025.0197055238543,53.8995929902881,-1.9955834231983225,54.01648919738859,-2.6202277790191006,europe,europe,seab,seab,
112,94,95,0.05013268195025354,2025.040330066491,2025.040330066491,54.01648919738859,-2.6202277790191006,53.98830990175359,-2.590895423098618,europe,europe,seab,seab,
113,94,98,0.05013268195025354,2025.040330066491,2025.040330066491,54.01648919738859,-2.6202277790191006,54.00274868827248,-2.5396075235660946,europe,europe,seab,mammal,
114,95,96,0.041489755680695885,2025.0779285414656,2025.0779285414656,53.98830990175359,-2.590895423098618,54.00574343706966,-2.5479488739636444,europe,europe,seab,mammal,EPI_ISL_19779800|A/Grey_Seal/England/014913/2025|H5N5|Europe|2025-02-14|nonhuman_mammal|A6
115,95,97,0.041489755680695885,2025.0779285414656,2025.0779285414656,53.98830990175359,-2.590895423098618,54.00444848676806,-2.5494123730030815,europe,europe,seab,seab,EPI_ISL_19779796|A/Herring_Gull/England/014794/2025|H5N5|Europe|2025-02-14|wild_avian|A6
116,98,99,0.0580924538235395,2025.0787677528726,2025.0787677528726,54.00274868827248,-2.5396075235660946,54.004908146140174,-2.5475548786516096,europe,europe,mammal,mammal,EPI_ISL_19756937|A/Seal/England/011870/2025|H5N5|Europe|2025-02-05|nonhuman_mammal|A6
117,98,100,0.0580924538235395,2025.0787677528726,2025.0787677528726,54.00274868827248,-2.5396075235660946,54.00248753157,-2.54765528237714,europe,europe,mammal,mammal,EPI_ISL_19756936|A/Seal/England/011869/2025|H5N5|Europe|2025-02-05|nonhuman_mammal|A6
118,101,102,0.05020297994750528,2025.0823155706807,2025.0823155706807,54.037270582754864,-2.560477088699693,54.00694532268263,-2.549834810759847,europe,europe,seab,seab,EPI_ISL_19779799|A/Greater_Black_Backed_Gull/England/014827/2025|H5N5|Europe|2025-02-14|wild_avian|A6
119,101,103,0.05020297994750528,2025.0823155706807,2025.0823155706807,54.037270582754864,-2.560477088699693,54.002350920604,-2.5480038891850545,europe,europe,seab,mammal,EPI_ISL_19779798|A/Grey_Seal/England/014816/2025|H5N5|Europe|2025-02-14|nonhuman_mammal|A6
120,104,105,0.027563748156593335,2024.9540912406908,2024.9540912406908,54.04277514070316,-3.0457753188415495,54.02523419589393,-2.5463498331599816,europe,europe,seab,mammal,
121,104,110,0.027563748156593335,2024.9540912406908,2024.9540912406908,54.04277514070316,-3.0457753188415495,54.167198119603086,-2.5587566735015708,europe,europe,seab,seab,
122,105,106,0.058454095405301484,2025.0227513674972,2025.0227513674972,54.02523419589393,-2.5463498331599816,54.00131362061958,-2.5491545347260214,europe,europe,mammal,mammal,EPI_ISL_19779802|A/Grey_Seal/England/014941/2025|H5N5|Europe|2025-02-14|nonhuman_mammal|A6
123,105,107,0.058454095405301484,2025.0227513674972,2025.0227513674972,54.02523419589393,-2.5463498331599816,54.01364945571148,-2.542599597157912,europe,europe,mammal,mammal,
124,107,108,0.023991292974367053,2025.0503223173478,2025.0503223173478,54.01364945571148,-2.542599597157912,54.004201984612266,-2.547747399725959,europe,europe,mammal,mammal,EPI_ISL_19779804|A/Grey_Seal/England/014989/2025|H5N5|Europe|2025-02-14|nonhuman_mammal|A6
125,107,109,0.023991292974367053,2025.0503223173478,2025.0503223173478,54.01364945571148,-2.542599597157912,54.00546143850658,-2.547770590753153,europe,europe,mammal,mammal,EPI_ISL_19779801|A/Grey_Seal/England/014917/2025|H5N5|Europe|2025-02-14|nonhuman_mammal|A6
126,110,118,0.014390415542399003,2024.9781301002529,2024.9781301002529,54.167198119603086,-2.5587566735015708,54.00685009215648,-2.548556600580742,europe,europe,seab,seab,EPI_ISL_19901909|A/Gull/England/011857/2025|H5N5|Europe|2025-02-05|wild_avian|A6
127,110,111,0.014390415542399003,2024.9781301002529,2024.9781301002529,54.167198119603086,-2.5587566735015708,54.105958071914,-2.637535302934893,europe,europe,seab,seab,
128,111,117,0.03299914558651783,2025.0245310832322,2025.0245310832322,54.105958071914,-2.637535302934893,54.00276937574358,-2.5497299751939373,europe,europe,seab,mammal,EPI_ISL_19779803|A/Grey_Seal/England/014976/2025|H5N5|Europe|2025-02-14|nonhuman_mammal|A6
129,111,112,0.03299914558651783,2025.0245310832322,2025.0245310832322,54.105958071914,-2.637535302934893,54.00404846848992,-2.574574043666659,europe,europe,seab,seab,
130,112,116,0.06167429263500771,2025.0910494100683,2025.0910494100683,54.00404846848992,-2.574574043666659,54.00206354126796,-2.546531668907777,europe,europe,seab,seab,EPI_ISL_19896367|A/Fulmar/England/016501/2025|H5N5|Europe|2025-02-14|wild_avian|A6
131,112,113,0.06167429263500771,2025.0910494100683,2025.0910494100683,54.00404846848992,-2.574574043666659,54.0107491713311,-2.5392626363340796,europe,europe,seab,seab,
132,113,114,0.018982021046861704,2025.1102428228255,2025.1102428228255,54.0107491713311,-2.5392626363340796,54.003743511665235,-2.5486510100215782,europe,europe,seab,seab,EPI_ISL_19901984|A/Fulmar/England/016619/2025|H5N5|Europe|2025-02-14|wild_avian|A6
133,113,115,0.018982021046861704,2025.1102428228255,2025.1102428228255,54.0107491713311,-2.5392626363340796,54.002352488595704,-2.5461668434701714,europe,europe,seab,seab,EPI_ISL_19901982|A/Fulmar/England/016621/2025|H5N5|Europe|2025-02-14|wild_avian|A6
134,119,129,0.02162052456022939,2024.7376661317778,2024.7376661317778,60.87309511050353,4.263207143537672,63.09916225540045,9.701592223691538,europe,europe,seab,seab,
135,119,120,0.02162052456022939,2024.7376661317778,2024.7376661317778,60.87309511050353,4.263207143537672,60.81433352023278,3.3334609875668106,europe,europe,seab,seab,
136,120,121,0.03786483071495967,2024.756741506746,2024.756741506746,60.81433352023278,3.3334609875668106,60.139736211368195,-3.061850626857807,europe,europe,seab,seab,
137,120,124,0.03786483071495967,2024.756741506746,2024.756741506746,60.81433352023278,3.3334609875668106,61.56399728668987,5.551178533419571,europe,europe,seab,seab,
138,121,123,0.03445803983260479,2024.79321333251,2024.79321333251,60.139736211368195,-3.061850626857807,64.99737945688162,-17.998407329143262,europe,europe,seab,gds,EPI_ISL_20142255|A/Greylag_goose/Iceland/2025AI03228/2025|H5N5|Europe|2025-02-13|wild_avian|A6
139,121,122,0.03445803983260479,2024.79321333251,2024.79321333251,60.139736211368195,-3.061850626857807,47.482873437351905,-52.797535133265676,europe,east-canada,seab,seab,EPI_ISL_19750602|A/Black-Legged_Kittiwake/NL/OTH-0111-5/2024|H5N5|North_America|2024-11-15|wild_avian|A6
140,124,125,0.04032533518460704,2024.8036139182148,2024.8036139182148,61.56399728668987,5.551178533419571,55.95627000000048,10.074690000000102,europe,europe,seab,seab,EPI_ISL_20349597|A/black-headed_gull/Denmark/00376-1.01/2026|H5N5|Europe|2026-01-20|wild_avian|A6
141,124,126,0.04032533518460704,2024.8036139182148,2024.8036139182148,61.56399728668987,5.551178533419571,63.02456480814894,8.695208211165104,europe,europe,seab,mammal,
142,126,127,0.0744626576480521,2024.8602303760367,2024.8602303760367,63.02456480814894,8.695208211165104,78.63634402332004,21.993896750701175,europe,europe,mammal,mammal,EPI_ISL_20180979|A/Arctic_fox/Norway/2025-04-21457-1-4/2025|H5N5|Europe|2025-08-28|nonhuman_mammal|A6
143,126,128,0.0744626576480521,2024.8602303760367,2024.8602303760367,63.02456480814894,8.695208211165104,63.989936459812455,12.30808358909531,europe,europe,mammal,mammal,EPI_ISL_19661724|A/Lynx/Norway/2024-04-36256/2024|H5N5|Europe|2024-12-18|nonhuman_mammal|A6
144,129,130,0.2569497031755831,2025.024120446277,2025.024120446277,63.09916225540045,9.701592223691538,63.99120508326561,12.303605684818216,europe,europe,seab,seab,EPI_ISL_20144826|A/Common_gull/Norway/2025-07-1985-1-1/2025|H5N5|Europe|2025-07-30|wild_avian|A6
145,129,131,0.2569497031755831,2025.024120446277,2025.024120446277,63.09916225540045,9.701592223691538,63.989172381013574,12.306953404951027,europe,europe,seab,scav,EPI_ISL_19907403|A/Raven/Norway/2025-07-1040-1-1/2025|H5N5|Europe|2025-05-29|wild_avian|A6
146,132,133,0.4412466764213575,2025.1198135771738,2025.1198135771738,57.50259019011877,35.17836147547279,63.99208263489641,12.30861298602506,europe,europe,seab,seab,EPI_ISL_20050590|A/Common_gull/Norway/2025-07-1155-2-2/2025|H5N5|Europe|2025-06-10|wild_avian|A6
147,132,134,0.4412466764213575,2025.1198135771738,2025.1198135771738,57.50259019011877,35.17836147547279,46.65888734923981,86.833333192588,europe,asia,seab,scav,
148,134,135,0.7552661417723769,2025.8750797189462,2025.8750797189462,46.65888734923981,86.833333192588,36.00052789758438,137.99945764401133,asia,asia,scav,scav,EPI_ISL_20363861|A/carrion_crow/Hokkaido/B257/2026|H5N5|Asia|2026-01-12|wild_avian|A6
149,134,136,0.7552661417723769,2025.8750797189462,2025.8750797189462,46.65888734923981,86.833333192588,36.001273899750494,137.997398547767,asia,asia,scav,scav,EPI_ISL_20364549|A/large-billed_crow/Hokkaido/B254/2026|H5N5|Asia|2026-01-12|wild_avian|A6
150,138,150,0.2822042720089755,2024.5359009536985,2024.5359009536985,65.04227498918716,12.504702845187031,78.63558547950261,21.99514231578,europe,europe,seab,seab,EPI_ISL_20216223|A/Glaucous_gull/Norway/2025-07-2990-5-1/2025|H5N5|Europe|2025-09-24|wild_avian|A6
151,138,139,0.2822042720089755,2024.5359009536985,2024.5359009536985,65.04227498918716,12.504702845187031,65.70381613841003,13.519962003422453,europe,europe,seab,seab,
152,139,147,0.06972250061943196,2024.590974714944,2024.590974714944,65.70381613841003,13.519962003422453,64.01555643924215,12.271221558790637,europe,europe,seab,seab,
153,139,140,0.06972250061943196,2024.590974714944,2024.590974714944,65.70381613841003,13.519962003422453,66.1170251193173,13.815122997795621,europe,europe,seab,seab,
154,140,141,0.06049330713109255,2024.6499185857958,2024.6499185857958,66.1170251193173,13.815122997795621,52.30988226167541,5.459796734066512,europe,europe,seab,scav,EPI_ISL_19610543|A/Common_Buzzard/Netherlands/24030131-001/2024|H5N5|Europe|2024-11-26|wild_avian|A6
155,140,142,0.06049330713109255,2024.6499185857958,2024.6499185857958,66.1170251193173,13.815122997795621,78.37758771010411,21.7960067367812,europe,europe,seab,mammal,
156,142,146,0.7557552735242732,2025.487337765112,2025.487337765112,78.37758771010411,21.7960067367812,78.63211762445216,21.99437338485665,europe,europe,mammal,mammal,EPI_ISL_20127650|A/Arctic_fox/Norway/2025-04-19222-3-2/2025|H5N5|Europe|2025-07-25|nonhuman_mammal|A6
157,142,143,0.7557552735242732,2025.487337765112,2025.487337765112,78.37758771010411,21.7960067367812,78.62387372924752,21.94812573564368,europe,europe,mammal,mammal,
158,143,144,0.05425167494853318,2025.536112333252,2025.536112333252,78.62387372924752,21.94812573564368,78.63398326167878,21.99491775624265,europe,europe,mammal,mammal,EPI_ISL_20127327|A/Arctic_fox/Norway/2025-04-19222-2-2/2025|H5N5|Europe|2025-07-25|nonhuman_mammal|A6
159,143,145,0.05425167494853318,2025.536112333252,2025.536112333252,78.62387372924752,21.94812573564368,78.63313813951731,21.996485080793633,europe,europe,mammal,mammal,EPI_ISL_20230160|A/Arctic_fox/Norway/2025-04-19222-1-2/2025|H5N5|Europe|2025-07-25|nonhuman_mammal|A6
160,147,148,0.1711015764550298,2024.773828660819,2024.773828660819,64.01555643924215,12.271221558790637,63.99251836977083,12.307804659489907,europe,europe,seab,grdbd,EPI_ISL_19561783|A/Chicken/Norway/2024-07-3002-5/2024|H5N5|Europe|2024-11-12|domestic_avian|A6
161,147,149,0.1711015764550298,2024.773828660819,2024.773828660819,64.01555643924215,12.271221558790637,63.99011923674445,12.304807908447726,europe,europe,seab,gds,EPI_ISL_19561786|A/Duck/Norway/2024-07-3002-2/2024|H5N5|Europe|2024-11-12|wild_avian|A6
162,151,203,0.44692970203458143,2024.0687152169423,2024.0687152169423,55.25572515811842,-3.3666137584851406,53.957221917986516,-6.166788399044279,europe,europe,seab,seab,
163,151,152,0.44692970203458143,2024.0687152169423,2024.0687152169423,55.25572515811842,-3.3666137584851406,54.44769247311576,-2.770512049891081,europe,europe,seab,seab,
164,152,153,0.1486939288403515,2024.2174091457828,2024.2174091457828,54.44769247311576,-2.770512049891081,54.30726687888742,-2.487005648967359,europe,europe,seab,seab,
165,152,162,0.1486939288403515,2024.2174091457828,2024.2174091457828,54.44769247311576,-2.770512049891081,54.04450250537244,-2.543386862471476,europe,europe,seab,seab,
166,153,154,0.08443421072453926,2024.3019649507544,2024.3019649507544,54.30726687888742,-2.487005648967359,54.00512707137833,-2.548387976309864,europe,europe,seab,seab,EPI_ISL_19410356|A/Great_Black_Backed_Gull/Scotland/034087/2024|H5N5|Europe|2024-07-15|wild_avian|A6
167,153,155,0.08443421072453926,2024.3019649507544,2024.3019649507544,54.30726687888742,-2.487005648967359,54.99503397808727,-1.373012477782595,europe,europe,seab,seab,
168,155,156,0.1631467889929695,2024.464799117874,2024.464799117874,54.99503397808727,-1.373012477782595,63.99228397846108,12.307407570814156,europe,europe,seab,bdpr,EPI_ISL_19510887|A/White-tailed_eagle/Norway/2024-07-2691/2024|H5N5|Europe|2024-10-15|wild_avian|A6
169,155,157,0.1631467889929695,2024.464799117874,2024.464799117874,54.99503397808727,-1.373012477782595,54.20778728689434,-2.194839242894179,europe,europe,seab,seab,
170,157,158,0.0834122705433592,2024.5478326450377,2024.5478326450377,54.20778728689434,-2.194839242894179,54.00060365854582,-2.5469039453152362,europe,europe,seab,seab,EPI_ISL_19521521|A/Fulmar/England/140689/2024|H5N5|Europe|2024-09-27|wild_avian|A6
171,157,159,0.0834122705433592,2024.5478326450377,2024.5478326450377,54.20778728689434,-2.194839242894179,54.0017152402004,-2.5537433280697437,europe,europe,seab,seab,
172,159,160,0.09433651396948765,2024.6409773330402,2024.6409773330402,54.0017152402004,-2.5537433280697437,54.003498427652936,-2.5478376822372835,europe,europe,seab,bdpr,EPI_ISL_19521542|A/Kestral/Scotland/044473/2024|H5N5|Europe|2024-09-27|wild_avian|A6
173,159,161,0.09433651396948765,2024.6409773330402,2024.6409773330402,54.0017152402004,-2.5537433280697437,54.003729392096815,-2.547599340998415,europe,europe,seab,seab,EPI_ISL_19521522|A/Fulmar/England/140702/2024|H5N5|Europe|2024-09-27|wild_avian|A6
174,162,163,0.16715636745916135,2024.3847776345992,2024.3847776345992,54.04450250537244,-2.543386862471476,54.004842239745315,-2.546806224308187,europe,europe,seab,seab,EPI_ISL_19521520|A/Cormorant/England/281523/2024|H5N5|Europe|2024-09-30|wild_avian|A6
175,162,164,0.16715636745916135,2024.3847776345992,2024.3847776345992,54.04450250537244,-2.543386862471476,54.028019653940824,-2.4563926032835446,europe,europe,seab,seab,
176,164,202,0.06500796656361028,2024.4496593811052,2024.4496593811052,54.028019653940824,-2.4563926032835446,54.00281015626069,-2.5442365236501057,europe,europe,seab,seab,EPI_ISL_19521534|A/Herring_Gull/England/140706/2024|H5N5|Europe|2024-09-28|wild_avian|A6
177,164,165,0.06500796656361028,2024.4496593811052,2024.4496593811052,54.028019653940824,-2.4563926032835446,53.96606949665141,-2.5687867500201973,europe,europe,seab,seab,
178,165,201,0.042318357385671294,2024.4896326760254,2024.4896326760254,53.96606949665141,-2.5687867500201973,54.00610819303288,-2.5477925253086897,europe,europe,seab,seab,EPI_ISL_19521529|A/Great_Black_Backed_Gull/Scotland/044475/2024|H5N5|Europe|2024-09-23|wild_avian|A6
179,165,166,0.042318357385671294,2024.4896326760254,2024.4896326760254,53.96606949665141,-2.5687867500201973,53.99443272656777,-2.5040042114380032,europe,europe,seab,seab,
180,166,167,0.038147130296435024,2024.524809110863,2024.524809110863,53.99443272656777,-2.5040042114380032,54.01014387781391,-2.5441205841407317,europe,europe,seab,seab,
181,166,170,0.038147130296435024,2024.524809110863,2024.524809110863,53.99443272656777,-2.5040042114380032,53.968444205604975,-2.5119329401441877,europe,europe,seab,seab,
182,167,169,0.09501581088898177,2024.6686206272539,2024.6686206272539,54.01014387781391,-2.5441205841407317,54.00110348677192,-2.5487446299651375,europe,europe,seab,seab,EPI_ISL_19521517|A/Black_Headed_Gull/England/045994/2024|H5N5|Europe|2024-10-02|wild_avian|A6
183,167,168,0.09501581088898177,2024.6686206272539,2024.6686206272539,54.01014387781391,-2.5441205841407317,54.00167103850737,-2.544805117732711,europe,europe,seab,seab,EPI_ISL_19521533|A/Herring_Gull/England/140537/2024|H5N5|Europe|2024-09-25|wild_avian|A6
184,170,171,0.020027571020647825,2024.5361919730224,2024.5361919730224,53.968444205604975,-2.5119329401441877,53.97289983980396,-2.412841304893544,europe,europe,seab,seab,
185,170,186,0.020027571020647825,2024.5361919730224,2024.5361919730224,53.968444205604975,-2.5119329401441877,53.98975587445847,-2.6495789993470455,europe,europe,seab,seab,
186,171,172,0.026771060882691183,2024.5601325958917,2024.5601325958917,53.97289983980396,-2.412841304893544,54.002915119427016,-2.5472360550447117,europe,europe,seab,seab,EPI_ISL_19410360|A/Great_Skua/Scotland/037580/2024|H5N5|Europe|2024-08-07|wild_avian|A6
187,171,173,0.026771060882691183,2024.5601325958917,2024.5601325958917,53.97289983980396,-2.412841304893544,53.963127745599536,-2.0930734063270826,europe,europe,seab,seab,
188,173,185,0.036147360581876994,2024.6014424621935,2024.6014424621935,53.963127745599536,-2.0930734063270826,51.162717657950935,10.446513824258982,europe,europe,seab,seab,EPI_ISL_19602385|A/Northern_Fulmar/Germany-NI/2024AI04273/2024|H5N5|Europe|2024-09-21|wild_avian|A6
189,173,174,0.036147360581876994,2024.6014424621935,2024.6014424621935,53.963127745599536,-2.0930734063270826,53.877030196622954,-2.3986453845973683,europe,europe,seab,seab,
190,174,184,0.03941358020511382,2024.6264958658526,2024.6264958658526,53.877030196622954,-2.3986453845973683,54.003666771263795,-2.5490680057789232,europe,europe,seab,seab,EPI_ISL_19521538|A/Herring_Gull/England/141019/2024|H5N5|Europe|2024-10-08|wild_avian|A6
191,174,175,0.03941358020511382,2024.6264958658526,2024.6264958658526,53.877030196622954,-2.3986453845973683,53.83761064003616,-2.698548872032834,europe,europe,seab,seab,
192,175,183,0.027885526908444803,2024.6515876452318,2024.6515876452318,53.83761064003616,-2.698548872032834,54.00212181504673,-2.551407255719165,europe,europe,seab,seab,EPI_ISL_19521525|A/Gannet/Scotland/046592/2024|H5N5|Europe|2024-10-04|wild_avian|A6
193,175,176,0.027885526908444803,2024.6515876452318,2024.6515876452318,53.83761064003616,-2.698548872032834,53.982052590946324,-2.3431735064145687,europe,europe,seab,seab,
194,176,182,0.013200170529890374,2024.653664069235,2024.653664069235,53.982052590946324,-2.3431735064145687,54.003948129958836,-2.5467059069774867,europe,europe,seab,bdpr,EPI_ISL_19902020|A/White_Tailed_Eagle/Scotland/050287/2024|H5N5|Europe|2024-09-24|wild_avian|A6
195,176,177,0.013200170529890374,2024.653664069235,2024.653664069235,53.982052590946324,-2.3431735064145687,54.05957844766127,-2.3353619471137868,europe,europe,seab,seab,
196,177,181,0.03429149780223983,2024.715588625878,2024.715588625878,54.05957844766127,-2.3353619471137868,54.004422255639156,-2.5465256207935103,europe,europe,seab,seab,EPI_ISL_19521539|A/Herring_Gull/England/141099/2024|H5N5|Europe|2024-10-09|wild_avian|A6
197,177,178,0.03429149780223983,2024.715588625878,2024.715588625878,54.05957844766127,-2.3353619471137868,54.327481321015576,-1.8422490147630888,europe,europe,seab,seab,
198,178,180,0.05678707037479648,2024.7711371475664,2024.7711371475664,54.327481321015576,-1.8422490147630888,63.99408009210544,12.31024854663896,europe,europe,seab,seab,EPI_ISL_19550912|A/Herring_gull/Norway/2024-07-2919/2024|H5N5|Europe|2024-10-25|wild_avian|A6
199,178,179,0.05678707037479648,2024.7711371475664,2024.7711371475664,54.327481321015576,-1.8422490147630888,54.00590782817178,-2.546062075199185,europe,europe,seab,scav,EPI_ISL_19611317|A/Common_Buzzard/England/141842/2024|H5N5|Europe|2024-10-24|wild_avian|A6
200,186,200,0.04698707575874736,2024.5971222927778,2024.5971222927778,53.98975587445847,-2.6495789993470455,54.00423841310412,-2.547424395373435,europe,europe,seab,seab,EPI_ISL_19521510|A/Great_Skua/Scotland/043850/2024|H5N5|Europe|2024-09-17|wild_avian|A6
201,186,187,0.04698707575874736,2024.5971222927778,2024.5971222927778,53.98975587445847,-2.6495789993470455,54.082127116975286,-2.6471277299318117,europe,europe,seab,seab,
202,187,199,0.0331246713016873,2024.6051380143979,2024.6051380143979,54.082127116975286,-2.6471277299318117,54.00289194135314,-2.548061183968384,europe,europe,seab,seab,EPI_ISL_19521541|A/Herring_Gull/England/360557/2024|H5N5|Europe|2024-10-07|wild_avian|A6
203,187,188,0.0331246713016873,2024.6051380143979,2024.6051380143979,54.082127116975286,-2.6471277299318117,53.99846333428913,-2.560538807785225,europe,europe,seab,seab,
204,188,189,0.06067523546032923,2024.6487807559806,2024.6487807559806,53.99846333428913,-2.560538807785225,54.02578998607667,-2.525350382232782,europe,europe,seab,seab,
205,188,192,0.06067523546032923,2024.6487807559806,2024.6487807559806,53.99846333428913,-2.560538807785225,54.0679983116039,-2.519908261959055,europe,europe,seab,seab,
206,189,191,0.018886673131039238,2024.6848623851226,2024.6848623851226,54.02578998607667,-2.525350382232782,54.00407922636146,-2.5464147754401827,europe,europe,seab,seab,EPI_ISL_19521523|A/Fulmar/England/140710/2024|H5N5|Europe|2024-09-28|wild_avian|A6
207,189,190,0.018886673131039238,2024.6848623851226,2024.6848623851226,54.02578998607667,-2.525350382232782,54.00652629046847,-2.549681062462085,europe,europe,seab,seab,EPI_ISL_19521544|A/Herring_Gull/England/140439/2024|H5N5|Europe|2024-09-24|wild_avian|A6
208,192,193,0.01890873115711832,2024.6842600524149,2024.6842600524149,54.0679983116039,-2.519908261959055,54.002654282090326,-2.546735520405547,europe,europe,seab,seab,EPI_ISL_19521524|A/Fulmar/Scotland/045255/2024|H5N5|Europe|2024-09-30|wild_avian|A6
209,192,194,0.01890873115711832,2024.6842600524149,2024.6842600524149,54.0679983116039,-2.519908261959055,53.99843358548064,-2.6069207212539327,europe,europe,seab,seab,
210,194,198,0.024977452638802078,2024.6946102671664,2024.6946102671664,53.99843358548064,-2.6069207212539327,54.00580120241695,-2.549085776325013,europe,europe,seab,seab,EPI_ISL_19521513|A/Great_Black-Backed_Gull/Scotland/043865/2024|H5N5|Europe|2024-09-19|wild_avian|A6
211,194,195,0.024977452638802078,2024.6946102671664,2024.6946102671664,53.99843358548064,-2.6069207212539327,53.995230419063525,-2.5365867441625842,europe,europe,seab,seab,
212,195,196,0.03532285095082391,2024.7309295389875,2024.7309295389875,53.995230419063525,-2.5365867441625842,54.00195451715931,-2.5435358476106966,europe,europe,seab,seab,EPI_ISL_19521540|A/Herring_Gull/England/360367/2024|H5N5|Europe|2024-10-02|wild_avian|A6
213,195,197,0.03532285095082391,2024.7309295389875,2024.7309295389875,53.995230419063525,-2.5365867441625842,54.00394935280927,-2.5499594273476753,europe,europe,seab,seab,EPI_ISL_19521535|A/Herring_Gull/England/140826/2024|H5N5|Europe|2024-10-01|wild_avian|A6
214,203,207,0.22292078365625892,2024.2916360005986,2024.2916360005986,53.957221917986516,-6.166788399044279,43.93246552856031,-59.91708263402046,europe,east-canada,seab,seab,EPI_ISL_19750609|A/Great_Black-Backed_Gull/NS/FAV-0026-4/2025|H5N5|North_America|2024-12-10|wild_avian|A6
215,203,204,0.22292078365625892,2024.2916360005986,2024.2916360005986,53.957221917986516,-6.166788399044279,54.00346312827371,-2.534706028588176,europe,europe,seab,seab,
216,204,205,0.2116048506471807,2024.5032408512457,2024.5032408512457,54.00346312827371,-2.534706028588176,54.00335039128453,-2.551904731411153,europe,europe,seab,seab,EPI_ISL_19410357|A/Great_Skua/Scotland/036477/2024|H5N5|Europe|2024-07-25|wild_avian|A6
217,204,206,0.2116048506471807,2024.5032408512457,2024.5032408512457,54.00346312827371,-2.534706028588176,54.00552007713107,-2.5466945673581782,europe,europe,seab,seab,EPI_ISL_19410358|A/Great_Skua/Scotland/036478/2024|H5N5|Europe|2024-07-25|wild_avian|A6
218,208,324,0.06617938500408249,2023.3641684454299,2023.3641684454299,57.362043679994535,-11.413679063015259,57.70875223755546,-2.742533706876703,europe,europe,seab,seab,
219,208,209,0.06617938500408249,2023.3641684454299,2023.3641684454299,57.362043679994535,-11.413679063015259,60.742967932938555,-3.9970309439044613,europe,europe,seab,seab,
220,209,323,0.18184236857174504,2023.554269635474,2023.554269635474,60.742967932938555,-3.9970309439044613,78.63606683083675,21.99445297145248,europe,europe,seab,seab,EPI_ISL_18963391|A/Sand_piper/Norway/2023-07-2521/2023|H5N5|Europe|2023-09-18|wild_avian|A6
221,209,210,0.18184236857174504,2023.554269635474,2023.554269635474,60.742967932938555,-3.9970309439044613,58.6445990820435,-8.207042720955762,europe,europe,seab,seab,
222,210,276,0.46082233925691746,2024.0165140741994,2024.0165140741994,58.6445990820435,-8.207042720955762,58.653017609349796,-12.172789304911564,europe,europe,seab,seab,
223,210,211,0.46082233925691746,2024.0165140741994,2024.0165140741994,58.6445990820435,-8.207042720955762,58.31980916126754,-14.046989787130697,europe,europe,seab,seab,
224,211,269,0.10097835847308839,2024.267518055428,2024.267518055428,58.31980916126754,-14.046989787130697,60.84117093066186,-4.883172572334979,europe,europe,seab,seab,
225,211,212,0.10097835847308839,2024.267518055428,2024.267518055428,58.31980916126754,-14.046989787130697,47.2565612767732,-52.242677430414616,europe,east-canada,seab,seab,
226,212,266,0.33160534520004437,2024.5596064331191,2024.5596064331191,47.2565612767732,-52.242677430414616,44.94639639477877,-62.9736464602192,east-canada,east-canada,seab,seab,
227,212,213,0.33160534520004437,2024.5596064331191,2024.5596064331191,47.2565612767732,-52.242677430414616,46.01481608484408,-57.069675531378955,east-canada,east-canada,seab,seab,
228,213,259,0.05153685902286868,2024.5880846250905,2024.5880846250905,46.01481608484408,-57.069675531378955,44.860593567314716,-58.16356782251173,east-canada,east-canada,seab,seab,
229,213,214,0.05153685902286868,2024.5880846250905,2024.5880846250905,46.01481608484408,-57.069675531378955,45.20654877044054,-58.52388881035524,east-canada,east-canada,seab,seab,
230,214,215,0.028641275781534695,2024.6529354970237,2024.6529354970237,45.20654877044054,-58.52388881035524,45.406376368687816,-60.90171043941367,east-canada,east-canada,seab,seab,
231,214,222,0.028641275781534695,2024.6529354970237,2024.6529354970237,45.20654877044054,-58.52388881035524,45.65595644848247,-58.12712157184452,east-canada,east-canada,seab,seab,
232,215,219,0.058291242790314494,2024.7440731283027,2024.7440731283027,45.406376368687816,-60.90171043941367,45.72842657806358,-57.66881594681336,east-canada,east-canada,seab,seab,
233,215,216,0.058291242790314494,2024.7440731283027,2024.7440731283027,45.406376368687816,-60.90171043941367,45.264021467225746,-62.44655277751996,east-canada,east-canada,seab,seab,
234,216,217,0.031296729064229326,2024.7699973571787,2024.7699973571787,45.264021467225746,-62.44655277751996,46.23638710959685,-63.13178403628472,east-canada,east-canada,seab,mammal,EPI_ISL_20067289|A/Striped_Skunk/PEI/FAV-0091-1/2025|H5N5|North_America|2025-03-07|nonhuman_mammal|A6
235,216,218,0.031296729064229326,2024.7699973571787,2024.7699973571787,45.264021467225746,-62.44655277751996,44.18839000000008,-66.16167000000091,east-canada,east-canada,seab,seab,EPI_ISL_19750591|A/Great_Black-Backed_Gull/NS/FAV-0393-1/2024|H5N5|North_America|2024-11-08|wild_avian|A6
236,219,220,0.07285271181837609,2024.8328658502642,2024.8328658502642,45.72842657806358,-57.66881594681336,43.93344372298203,-59.918125772876024,east-canada,east-canada,seab,seab,EPI_ISL_20067334|A/Herring_Gull/NS/FAV-0186-7/2025|H5N5|North_America|2025-04-26|wild_avian|A6
237,219,221,0.07285271181837609,2024.8328658502642,2024.8328658502642,45.72842657806358,-57.66881594681336,47.481679082070286,-52.79629030216517,east-canada,east-canada,seab,seab,EPI_ISL_19750604|A/Great_Black-Backed_Gull/NL/OTH-0115-35/2024|H5N5|North_America|2024-11-27|wild_avian|A6
238,222,223,0.03763439079010267,2024.6825841443303,2024.6825841443303,45.65595644848247,-58.12712157184452,45.15414005351242,-58.875844957684976,east-canada,east-canada,seab,seab,
239,222,234,0.03763439079010267,2024.6825841443303,2024.6825841443303,45.65595644848247,-58.12712157184452,45.638153109376674,-57.50514466643281,east-canada,east-canada,seab,seab,
240,223,233,0.07850532107080911,2024.754991441288,2024.754991441288,45.15414005351242,-58.875844957684976,47.48187024698564,-52.79576961331997,east-canada,east-canada,seab,seab,EPI_ISL_19750614|A/Herring_Gull/NL/FAV-0042-7/2025|H5N5|North_America|2024-12-11|wild_avian|A6
241,223,224,0.07850532107080911,2024.754991441288,2024.754991441288,45.15414005351242,-58.875844957684976,44.9478495132423,-59.130089403485925,east-canada,east-canada,seab,seab,
242,224,232,0.02183150524253757,2024.778702383903,2024.778702383903,44.9478495132423,-59.130089403485925,43.93392278844712,-59.917649812074835,east-canada,east-canada,seab,seab,EPI_ISL_19750611|A/Great_Black-Backed_Gull/NS/FAV-0026-6/2025|H5N5|North_America|2024-12-10|wild_avian|A6
243,224,225,0.02183150524253757,2024.778702383903,2024.778702383903,44.9478495132423,-59.130089403485925,44.84916345966309,-60.00031886714079,east-canada,east-canada,seab,seab,
244,225,231,0.024110507578196532,2024.7830527129818,2024.7830527129818,44.84916345966309,-60.00031886714079,41.85138900000005,-70.0,east-canada,northeast-us,seab,seab,25-001719-001|A/herring_gull/MA/25-001719-001/2024|H5N5|North_America|2024-12-21|wild_avian|A6
245,225,226,0.024110507578196532,2024.7830527129818,2024.7830527129818,44.84916345966309,-60.00031886714079,45.65427215085481,-58.680945054055705,east-canada,east-canada,seab,seab,
246,226,227,0.05508731924171551,2024.8317634227717,2024.8317634227717,45.65427215085481,-58.680945054055705,46.28611999999979,-63.64383999999901,east-canada,east-canada,seab,mammal,EPI_ISL_20067307|A/Cat/PEI/FAV-0136-1/2025|H5N5|North_America|2025-03-27|nonhuman_mammal|A6
247,226,228,0.05508731924171551,2024.8317634227717,2024.8317634227717,45.65427215085481,-58.680945054055705,45.68872947734197,-57.41118290692327,east-canada,east-canada,seab,seab,
248,228,229,0.03405699736367122,2024.8654353743889,2024.8654353743889,45.68872947734197,-57.41118290692327,43.935616706789816,-59.9202875698019,east-canada,east-canada,seab,seab,EPI_ISL_19750608|A/Iceland_Gull/NS/FAV-0026-3/2025|H5N5|North_America|2024-12-10|wild_avian|A6
249,228,230,0.03405699736367122,2024.8654353743889,2024.8654353743889,45.68872947734197,-57.41118290692327,47.48610113773114,-52.79517282041958,east-canada,east-canada,seab,seab,EPI_ISL_19750605|A/Great_Black-Backed_Gull/NL/OTH-0115-36/2024|H5N5|North_America|2024-12-03|wild_avian|A6
250,234,235,0.02453303595932275,2024.6476244064418,2024.6476244064418,45.638153109376674,-57.50514466643281,47.71186398602758,-53.67866433573643,east-canada,east-canada,seab,seab,
251,234,244,0.02453303595932275,2024.6476244064418,2024.6476244064418,45.638153109376674,-57.50514466643281,44.377245740638294,-60.10460246973802,east-canada,east-canada,seab,seab,
252,235,236,0.04365593606475,2024.774389056547,2024.774389056547,47.71186398602758,-53.67866433573643,47.479806447833376,-52.796492695540294,east-canada,east-canada,seab,seab,EPI_ISL_19750600|A/Herring_Gull/NL/OTH-0111-3/2024|H5N5|North_America|2024-11-02|wild_avian|A6
253,235,237,0.04365593606475,2024.774389056547,2024.774389056547,47.71186398602758,-53.67866433573643,46.46871687585439,-58.44671672141891,east-canada,east-canada,seab,seab,
254,237,238,0.035067460804185,2024.7554501907646,2024.7554501907646,46.46871687585439,-58.44671672141891,45.913602493451315,-58.351273189029506,east-canada,east-canada,seab,seab,
255,237,241,0.035067460804185,2024.7554501907646,2024.7554501907646,46.46871687585439,-58.44671672141891,46.772084761127616,-60.6382259539377,east-canada,east-canada,seab,seab,
256,238,239,0.06862368549598054,2024.8178328076403,2024.8178328076403,45.913602493451315,-58.351273189029506,41.62199999999995,-72.7272000000008,east-canada,northeast-us,seab,scav,25-006834-003|A/Turkey_Vulture/CT/25-006834-003-original/2025|H5N5|North_America|2025-02-25|wild_avian|A6
257,238,240,0.06862368549598054,2024.8178328076403,2024.8178328076403,45.913602493451315,-58.351273189029506,47.48391698943832,-52.79745199793027,east-canada,east-canada,seab,seab,EPI_ISL_19750613|A/Great_Black-Backed_Gull/NL/FAV-0042-10/2025|H5N5|North_America|2025-01-12|wild_avian|A6
258,241,242,0.07449569008505563,2024.7970067549104,2024.7970067549104,46.772084761127616,-60.6382259539377,49.32976999999934,-54.48268999999942,east-canada,east-canada,seab,grdbd,EPI_ISL_19750618|A/Chicken/NL/FAV-0053-4/2025|H5N5|North_America|2025-01-23|domestic_avian|A6
259,241,243,0.07449569008505563,2024.7970067549104,2024.7970067549104,46.772084761127616,-60.6382259539377,46.50783999999911,-63.99134000000039,east-canada,east-canada,seab,seab,EPI_ISL_19750592|A/Herring_Gull/PEI/FAV-0393-2/2024|H5N5|North_America|2024-11-19|wild_avian|A6
260,244,258,0.030126773112003333,2024.7298730869898,2024.7298730869898,44.377245740638294,-60.10460246973802,46.237227957811136,-63.12880486977138,east-canada,east-canada,seab,scav,EPI_ISL_20067296|A/American_Crow/PEI/FAV-0124-6/2025|H5N5|North_America|2025-03-13|wild_avian|A6
261,244,245,0.030126773112003333,2024.7298730869898,2024.7298730869898,44.377245740638294,-60.10460246973802,43.952442907955174,-60.536365493074555,east-canada,east-canada,seab,seab,
262,245,257,0.005643422972402934,2024.7219676483082,2024.7219676483082,43.952442907955174,-60.536365493074555,43.93427818874683,-59.916224001003336,east-canada,east-canada,seab,seab,EPI_ISL_19750589|A/Great_Black-Backed_Gull/NS/FAV-0380-2/2024|H5N5|North_America|2024-10-13|wild_avian|A6
263,245,246,0.005643422972402934,2024.7219676483082,2024.7219676483082,43.952442907955174,-60.536365493074555,44.930530098228324,-56.48256654807101,east-canada,east-canada,seab,seab,
264,246,247,0.025630910296445715,2024.7456781485419,2024.7456781485419,44.930530098228324,-56.48256654807101,43.93096794833048,-59.916848601144046,east-canada,east-canada,seab,seab,EPI_ISL_19750606|A/Herring_Gull/NS/FAV-0026-1/2025|H5N5|North_America|2024-12-10|wild_avian|A6
265,246,248,0.025630910296445715,2024.7456781485419,2024.7456781485419,44.930530098228324,-56.48256654807101,45.554229839963796,-56.25799646285259,east-canada,east-canada,seab,seab,
266,248,254,0.02898527904158758,2024.6889738376303,2024.6889738376303,45.554229839963796,-56.25799646285259,43.94064528678229,-59.888504679521276,east-canada,east-canada,seab,seab,
267,248,249,0.02898527904158758,2024.6889738376303,2024.6889738376303,45.554229839963796,-56.25799646285259,46.37622693369233,-55.15025969605553,east-canada,east-canada,seab,seab,
268,249,253,0.05824414026245494,2024.750960854848,2024.750960854848,46.37622693369233,-55.15025969605553,47.24489000000104,-52.84101999999985,east-canada,east-canada,seab,seab,EPI_ISL_19750603|A/Black-Legged_Kittiwake/NL/OTH-0115-32/2024|H5N5|North_America|2024-11-24|wild_avian|A6
269,249,250,0.05824414026245494,2024.750960854848,2024.750960854848,46.37622693369233,-55.15025969605553,46.17074662494744,-55.39382802628721,east-canada,east-canada,seab,seab,
270,250,252,0.062082809674038994,2024.8116037654615,2024.8116037654615,46.17074662494744,-55.39382802628721,47.484637453811956,-52.7966433299269,east-canada,east-canada,seab,seab,EPI_ISL_19750615|A/Herring_Gull/NL/FAV-0042-9/2025|H5N5|North_America|2024-12-22|wild_avian|A6
271,250,251,0.062082809674038994,2024.8116037654615,2024.8116037654615,46.17074662494744,-55.39382802628721,43.93289501336961,-59.92015663382424,east-canada,east-canada,seab,seab,EPI_ISL_19750607|A/Great_Black-Backed_Gull/NS/FAV-0026-2/2025|H5N5|North_America|2024-12-10|wild_avian|A6
272,254,255,0.193712212201653,2024.9070678885087,2024.9070678885087,43.94064528678229,-59.888504679521276,43.93446105187478,-59.91955491749113,east-canada,east-canada,seab,seab,EPI_ISL_19750612|A/Herring_Gull/NS/FAV-0026-7/2025|H5N5|North_America|2024-12-10|wild_avian|A6
273,254,256,0.193712212201653,2024.9070678885087,2024.9070678885087,43.94064528678229,-59.888504679521276,43.93308703839954,-59.91600628056782,east-canada,east-canada,seab,seab,EPI_ISL_19750610|A/Great_Black-Backed_Gull/NS/FAV-0026-5/2025|H5N5|North_America|2024-12-10|wild_avian|A6
274,259,260,0.04433218913856002,2024.669856078241,2024.669856078241,44.860593567314716,-58.16356782251173,43.931940715532676,-59.915314686956656,east-canada,east-canada,seab,seab,EPI_ISL_19750588|A/Great_Black-Backed_Gull/NS/FAV-0380-1/2024|H5N5|North_America|2024-10-10|wild_avian|A6
275,259,261,0.04433218913856002,2024.669856078241,2024.669856078241,44.860593567314716,-58.16356782251173,44.07862497883839,-59.66127758724894,east-canada,east-canada,seab,seab,
276,261,262,0.3228275999610237,2025.033619021026,2025.033619021026,44.07862497883839,-59.66127758724894,43.93251119334539,-59.91503997500763,east-canada,east-canada,seab,seab,EPI_ISL_20067325|A/Great_Black-Backed_Gull/NS/FAV-0186-2/2025|H5N5|North_America|2025-04-26|wild_avian|A6
277,261,263,0.3228275999610237,2025.033619021026,2025.033619021026,44.07862497883839,-59.66127758724894,43.9438539981393,-59.89185717528181,east-canada,east-canada,seab,seab,
278,263,265,0.18105381812413526,2025.2146728391501,2025.2146728391501,43.9438539981393,-59.89185717528181,43.93174763058167,-59.91634578834084,east-canada,east-canada,seab,seab,EPI_ISL_20067340|A/Great_Black-Backed_Gull/NS/FAV-0187-3/2025|H5N5|North_America|2025-05-08|wild_avian|A6
279,263,264,0.18105381812413526,2025.2146728391501,2025.2146728391501,43.9438539981393,-59.89185717528181,43.93327290548832,-59.915914487516545,east-canada,east-canada,seab,seab,EPI_ISL_20067338|A/Iceland_Gull/NS/FAV-0187-2/2025|H5N5|North_America|2025-05-02|wild_avian|A6
280,266,268,0.11201858808146184,2024.7683126715062,2024.7683126715062,44.94639639477877,-62.9736464602192,45.10450000000067,-64.30649000000096,east-canada,east-canada,seab,mammal,EPI_ISL_20067320|A/Red_Fox/NS/FAV-0171-1/2025|H5N5|North_America|2025-05-04|nonhuman_mammal|A6
281,266,267,0.11201858808146184,2024.7683126715062,2024.7683126715062,44.94639639477877,-62.9736464602192,44.6436680474647,-63.575489935252236,east-canada,east-canada,seab,seab,EPI_ISL_19750617|A/Herring_Gull/NS/FAV-0050-2/2025|H5N5|North_America|2024-11-12|wild_avian|A6
282,269,273,0.08217347267574339,2024.3117946958,2024.3117946958,60.84117093066186,-4.883172572334979,62.385585148791705,-6.791810902592962,europe,europe,seab,seab,
283,269,270,0.08217347267574339,2024.3117946958,2024.3117946958,60.84117093066186,-4.883172572334979,62.64317233155009,5.675196536315718,europe,europe,seab,seab,
284,270,271,0.27125935064008555,2024.5177171234463,2024.5177171234463,62.64317233155009,5.675196536315718,63.992839447713266,12.306922350728861,europe,europe,seab,scav,EPI_ISL_19550894|A/Crow/Norway/2024-07-2937-4/2024|H5N5|Europe|2024-10-31|wild_avian|A6
285,270,272,0.27125935064008555,2024.5177171234463,2024.5177171234463,62.64317233155009,5.675196536315718,63.989956229026326,12.30591564845032,europe,europe,seab,mammal,EPI_ISL_19701146|A/Otter/Norway/2024-80-165/2024|H5N5|Europe|2024-10-14|nonhuman_mammal|A6
286,273,274,0.42090167750395807,2024.669255175449,2024.669255175449,62.385585148791705,-6.791810902592962,64.99902631823181,-18.001757242553506,europe,europe,seab,seab,EPI_ISL_19704711|A/European_herring_gull/Iceland/2024AI05120/2024|H5N5|Europe|2024-11-22|wild_avian|A6
287,273,275,0.42090167750395807,2024.669255175449,2024.669255175449,62.385585148791705,-6.791810902592962,63.99212174053256,12.307839012059949,europe,europe,seab,scav,EPI_ISL_19596152|A/Crow/Norway/2024-07-3052-K/2024|H5N5|Europe|2024-11-22|wild_avian|A6
288,276,277,0.05351878475394694,2024.1498003734278,2024.1498003734278,58.653017609349796,-12.172789304911564,61.03435630440621,-9.639519809051594,europe,europe,seab,seab,
289,276,284,0.05351878475394694,2024.1498003734278,2024.1498003734278,58.653017609349796,-12.172789304911564,56.52614521955934,-3.2443228268589017,europe,europe,seab,seab,
290,277,278,0.1043705809667927,2024.317755273858,2024.317755273858,61.03435630440621,-9.639519809051594,63.988505494649154,12.306197592272069,europe,europe,seab,seab,EPI_ISL_19510870|A/European_herring_gullNorway/2024-07-2365/2024|H5N5|Europe|2024-09-27|wild_avian|A6
291,277,279,0.1043705809667927,2024.317755273858,2024.317755273858,61.03435630440621,-9.639519809051594,63.7045400921908,-15.97277201152145,europe,europe,seab,seab,
292,279,283,0.3297269142083168,2024.6195581708498,2024.6195581708498,63.7045400921908,-15.97277201152145,64.9982083902557,-17.99836286302891,europe,europe,seab,scav,EPI_ISL_19704708|A/Common_raven/Iceland/2024AI04842/2024|H5N5|Europe|2024-09-22|wild_avian|A6
293,279,280,0.3297269142083168,2024.6195581708498,2024.6195581708498,63.7045400921908,-15.97277201152145,63.61798950272586,-15.602597077561672,europe,europe,seab,seab,
294,280,281,0.116609751323429,2024.7361831072105,2024.7361831072105,63.61798950272586,-15.602597077561672,52.30953832728871,5.46142806710636,europe,europe,seab,seab,EPI_ISL_19696452|A/Black-headed_Gull/Netherlands/24030889-002/2024|H5N5|Europe|2024-12-08|wild_avian|A6
295,280,282,0.116609751323429,2024.7361831072105,2024.7361831072105,63.61798950272586,-15.602597077561672,65.00016219074739,-17.99882080312681,europe,europe,seab,grdbd,EPI_ISL_19704713|A/Turkey/Iceland/2024AI05124/2024|H5N5|Europe|2024-12-03|domestic_avian|A6
296,284,285,0.1933851522053813,2024.2286873531295,2024.2286873531295,56.52614521955934,-3.2443228268589017,50.64016800000008,4.666682000000031,europe,europe,seab,seab,EPI_ISL_19536849|A/Larus_canus/Belgium/14463_0003/2024_
297,284,286,0.1933851522053813,2024.2286873531295,2024.2286873531295,56.52614521955934,-3.2443228268589017,56.40292686766644,-1.477647321070659,europe,europe,seab,seab,
298,286,287,0.1107326717948194,2024.3379780412997,2024.3379780412997,56.40292686766644,-1.477647321070659,63.99179737196854,12.308012551237447,europe,europe,seab,seab,EPI_ISL_19510838|A/Great_black-backed_gull/Norway/2024-07-2502-1/2024|H5N5|Europe|2024-10-07|wild_avian|A6
299,286,288,0.1107326717948194,2024.3379780412997,2024.3379780412997,56.40292686766644,-1.477647321070659,54.81930540801958,-2.1285526224841345,europe,europe,seab,seab,
300,288,289,0.09792902916418822,2024.435907070464,2024.435907070464,54.81930540801958,-2.1285526224841345,53.99870935985377,-2.5498592890147074,europe,europe,seab,seab,
301,288,294,0.09792902916418822,2024.435907070464,2024.435907070464,54.81930540801958,-2.1285526224841345,54.37443590163979,-2.2400439396937553,europe,europe,seab,seab,
302,289,293,0.20164280841214705,2024.639600867735,2024.639600867735,53.99870935985377,-2.5498592890147074,54.001793824792976,-2.546955043734344,europe,europe,seab,seab,EPI_ISL_19521532|A/Herring_Gull/England/140534/2024|H5N5|Europe|2024-09-25|wild_avian|A6
303,289,290,0.20164280841214705,2024.639600867735,2024.639600867735,53.99870935985377,-2.5498592890147074,54.02451035693278,-2.5682248188929666,europe,europe,seab,seab,
304,290,291,0.028565314976681407,2024.6729926314904,2024.6729926314904,54.02451035693278,-2.5682248188929666,54.005311820219,-2.546325060634692,europe,europe,seab,seab,EPI_ISL_19521519|A/Common_Gull/England/140529/2024|H5N5|Europe|2024-09-25|wild_avian|A6
305,290,292,0.028565314976681407,2024.6729926314904,2024.6729926314904,54.02451035693278,-2.5682248188929666,54.00602677181048,-2.550178936999299,europe,europe,seab,seab,EPI_ISL_19521518|A/Common_Gull/England/140522/2024|H5N5|Europe|2024-09-25|wild_avian|A6
306,294,312,0.047792256866981235,2024.4836629910833,2024.4836629910833,54.37443590163979,-2.2400439396937553,54.08886271275995,-2.34248579073462,europe,europe,seab,seab,
307,294,295,0.047792256866981235,2024.4836629910833,2024.4836629910833,54.37443590163979,-2.2400439396937553,54.07972387950729,-2.503582184110327,europe,europe,seab,seab,
308,295,296,0.04732381323696573,2024.5293269026365,2024.5293269026365,54.07972387950729,-2.503582184110327,54.00068840146529,-2.547674979360753,europe,europe,seab,seab,EPI_ISL_19521528|A/Great_Black_Backed_Gull/England/046080/2024|H5N5|Europe|2024-10-04|wild_avian|A6
309,295,297,0.04732381323696573,2024.5293269026365,2024.5293269026365,54.07972387950729,-2.503582184110327,54.04165921463569,-2.532243950398177,europe,europe,seab,seab,
310,297,298,0.04683839919933035,2024.572036374551,2024.572036374551,54.04165921463569,-2.532243950398177,54.0034775670801,-2.549775952812607,europe,europe,seab,seab,EPI_ISL_19521536|A/Herring_Gull/England/141004/2024|H5N5|Europe|2024-10-04|wild_avian|A6
311,297,299,0.04683839919933035,2024.572036374551,2024.572036374551,54.04165921463569,-2.532243950398177,54.01587015678224,-2.4860324394698323,europe,europe,seab,seab,
312,299,307,0.032812576886826234,2024.606065219897,2024.606065219897,54.01587015678224,-2.4860324394698323,54.014507363135806,-2.5000318490469904,europe,europe,seab,seab,
313,299,300,0.032812576886826234,2024.606065219897,2024.606065219897,54.01587015678224,-2.4860324394698323,53.99701228385305,-2.560438917709984,europe,europe,seab,seab,
314,300,304,0.030005088530953124,2024.6468265849278,2024.6468265849278,53.99701228385305,-2.560438917709984,53.9938287729578,-2.6419111274686817,europe,europe,seab,seab,
315,300,301,0.030005088530953124,2024.6468265849278,2024.6468265849278,53.99701228385305,-2.560438917709984,53.96353069929661,-2.5179647299549193,europe,europe,seab,seab,
316,301,302,0.023343269234137133,2024.6746743650017,2024.6746743650017,53.96353069929661,-2.5179647299549193,54.00176893542663,-2.5471283368950455,europe,europe,seab,bdpr,EPI_ISL_19902018|A/Red_Kite/England/055216/2024|H5N5|Europe|2024-11-13|wild_avian|A6
317,301,303,0.023343269234137133,2024.6746743650017,2024.6746743650017,53.96353069929661,-2.5179647299549193,54.004481495201816,-2.549325002571908,europe,europe,seab,seab,EPI_ISL_19896333|A/Gannet/Scotland/046981/2024|H5N5|Europe|2024-10-11|wild_avian|A6
318,304,305,0.019290257721918686,2024.673301119836,2024.673301119836,53.9938287729578,-2.6419111274686817,54.00700334848621,-2.5469646051439,europe,europe,seab,grdbd,EPI_ISL_19902019|A/Chicken/England/050610/2024|H5N5|Europe|2024-11-04|domestic_avian|A6
319,304,306,0.019290257721918686,2024.673301119836,2024.673301119836,53.9938287729578,-2.6419111274686817,54.004224434950515,-2.5495063256820543,europe,europe,seab,seab,EPI_ISL_19521537|A/Herring_Gull/England/141013/2024|H5N5|Europe|2024-10-08|wild_avian|A6
320,307,311,0.027287159286781982,2024.6303159181105,2024.6303159181105,54.014507363135806,-2.5000318490469904,54.0032537090021,-2.5498178109891665,europe,europe,seab,seab,EPI_ISL_19521514|A/Great_Black-Backed_Gull/Scotland/043866/2024|H5N5|Europe|2024-09-19|wild_avian|A6
321,307,308,0.027287159286781982,2024.6303159181105,2024.6303159181105,54.014507363135806,-2.5000318490469904,54.00338729423116,-2.5116344477126082,europe,europe,seab,seab,
322,308,309,0.036994619616526815,2024.6593267816052,2024.6593267816052,54.00338729423116,-2.5116344477126082,54.002114815867046,-2.5476223870604837,europe,europe,seab,seab,EPI_ISL_19521530|A/Great_Black_Backed_Gull/Scotland/044478/2024|H5N5|Europe|2024-09-23|wild_avian|A6
323,308,310,0.036994619616526815,2024.6593267816052,2024.6593267816052,54.00338729423116,-2.5116344477126082,54.00407542201681,-2.547315364576118,europe,europe,seab,seab,EPI_ISL_19521512|A/Great_Black-Backed_Gull/Scotland/043863/2024|H5N5|Europe|2024-09-19|wild_avian|A6
324,312,313,0.10205302815369098,2024.5769726414699,2024.5769726414699,54.08886271275995,-2.34248579073462,54.00057696325019,-2.3767627204752197,europe,europe,seab,seab,
325,312,318,0.10205302815369098,2024.5769726414699,2024.5769726414699,54.08886271275995,-2.34248579073462,53.96031042465914,-2.541151242435132,europe,europe,seab,seab,
326,313,314,0.051132507030341875,2024.655014266323,2024.655014266323,54.00057696325019,-2.3767627204752197,54.00396437794956,-2.5472186146348674,europe,europe,seab,scav,EPI_ISL_19611318|A/Common_Buzzard/England/416223/2024|H5N5|Europe|2024-10-01|wild_avian|A6
327,313,315,0.051132507030341875,2024.655014266323,2024.655014266323,54.00057696325019,-2.3767627204752197,54.00333900308973,-2.5720089089981686,europe,europe,seab,grdbd,
328,315,316,0.10179955906817145,2024.7441438292933,2024.7441438292933,54.00333900308973,-2.5720089089981686,54.006256960919515,-2.5447928098668737,europe,europe,grdbd,grdbd,EPI_ISL_19611319|A/Pheasant/England/416802/2024|H5N5|Europe|2024-10-31|domestic_avian|A6
329,315,317,0.10179955906817145,2024.7441438292933,2024.7441438292933,54.00333900308973,-2.5720089089981686,54.00392803207381,-2.54906183809504,europe,europe,grdbd,grdbd,EPI_ISL_19611320|A/Pheasant/England/416803/2024|H5N5|Europe|2024-10-31|domestic_avian|A6
330,318,322,0.0532766007437619,2024.6360053217056,2024.6360053217056,53.96031042465914,-2.541151242435132,54.00168470641863,-2.548525711318717,europe,europe,seab,grdbd,EPI_ISL_19521516|A/Pheasant/England/044085/2024|H5N5|Europe|2024-09-23|domestic_avian|A6
331,318,319,0.0532766007437619,2024.6360053217056,2024.6360053217056,53.96031042465914,-2.541151242435132,54.00103042384885,-2.524622199078543,europe,europe,seab,seab,
332,319,320,0.042331504937728776,2024.671042757495,2024.671042757495,54.00103042384885,-2.524622199078543,54.00587016917352,-2.546313023276883,europe,europe,seab,seab,EPI_ISL_19521515|A/Great_Skua/Scotland/043869/2024|H5N5|Europe|2024-09-19|wild_avian|A6
333,319,321,0.042331504937728776,2024.671042757495,2024.671042757495,54.00103042384885,-2.524622199078543,54.00423168754141,-2.5476234594871134,europe,europe,seab,seab,EPI_ISL_19521511|A/Great_Skua/Scotland/043851/2024|H5N5|Europe|2024-09-17|wild_avian|A6
334,324,325,0.05398855003419883,2023.4416881072304,2023.4416881072304,57.70875223755546,-2.742533706876703,63.98892966345504,12.309297964171575,europe,europe,seab,seab,EPI_ISL_19234791|A/Gull/Norway/2023-07-2935-1/2023|H5N5|Europe|2023-10-04|wild_avian|A6
335,324,326,0.05398855003419883,2023.4416881072304,2023.4416881072304,57.70875223755546,-2.742533706876703,54.461724425283094,-1.8727042567175933,europe,europe,seab,seab,
336,326,348,0.3212215487735626,2023.715988335961,2023.715988335961,54.461724425283094,-1.8727042567175933,54.03666462628533,-2.4689438352839623,europe,europe,seab,seab,
337,326,327,0.3212215487735626,2023.715988335961,2023.715988335961,54.461724425283094,-1.8727042567175933,54.17551975615053,0.24530480348085312,europe,europe,seab,seab,
338,327,328,0.06538890573152634,2023.8023109767435,2023.8023109767435,54.17551975615053,0.24530480348085312,54.82725293682102,0.30720038162680746,europe,europe,seab,bdpr,
339,327,331,0.06538890573152634,2023.8023109767435,2023.8023109767435,54.17551975615053,0.24530480348085312,52.70141844253099,4.362487959522227,europe,europe,seab,seab,
340,328,329,0.07718998640236918,2023.8794340565914,2023.8794340565914,54.82725293682102,0.30720038162680746,54.00216999528359,-2.548447785050108,europe,europe,bdpr,bdpr,EPI_ISL_19410362|A/red_kite/Scotland/011791/2024|H5N5|Europe|2024-03-07|wild_avian|A6
341,328,330,0.07718998640236918,2023.8794340565914,2023.8794340565914,54.82725293682102,0.30720038162680746,63.99060553875519,12.30748611481939,europe,europe,bdpr,bdpr,EPI_ISL_18838519|A/White-tailed_eagle/Norway/2024-07-14/2024|H5N5|Europe|2024-01-16|wild_avian|A6
342,331,332,0.11812517655659621,2023.9272525634537,2023.9272525634537,52.70141844253099,4.362487959522227,52.198171777928565,5.899849136330809,europe,europe,seab,seab,
343,331,335,0.11812517655659621,2023.9272525634537,2023.9272525634537,52.70141844253099,4.362487959522227,52.34587520834721,4.913903240593343,europe,europe,seab,seab,
344,332,334,0.026893465202950582,2023.9861019163684,2023.9861019163684,52.198171777928565,5.899849136330809,51.164598058435665,10.447381770489025,europe,europe,seab,seab,EPI_ISL_19014083|A/gull/Germany-NI/2024AI01280/2024|H5N5|Europe|2024-02-08|wild_avian|A6
345,332,333,0.026893465202950582,2023.9861019163684,2023.9861019163684,52.198171777928565,5.899849136330809,52.312621342446626,5.458998622529045,europe,europe,seab,mammal,EPI_ISL_19361216|A/Pine_Marten/Netherlands/1/2024|H5N5|Europe|2024-02-01|nonhuman_mammal|A6
346,335,343,0.02052623145123332,2023.9580085462587,2023.9580085462587,52.34587520834721,4.913903240593343,52.365816425642976,5.308639843378301,europe,europe,seab,seab,
347,335,336,0.02052623145123332,2023.9580085462587,2023.9580085462587,52.34587520834721,4.913903240593343,52.80392408418854,3.2346944250945473,europe,europe,seab,seab,
348,336,337,0.059783913669997746,2024.0141146714864,2024.0141146714864,52.80392408418854,3.2346944250945473,51.16293147347856,10.44971126293683,europe,europe,seab,seab,EPI_ISL_19014082|A/European_Herring_Gull/Germany-SH/2024AI01287/2024|H5N5|Europe|2024-02-09|wild_avian|A6
349,336,338,0.059783913669997746,2024.0141146714864,2024.0141146714864,52.80392408418854,3.2346944250945473,53.878533134756836,-1.9523001380377152,europe,europe,seab,seab,
350,338,342,0.08706419324402644,2024.1011788647304,2024.1011788647304,53.878533134756836,-1.9523001380377152,54.00306259757632,-2.5476374394620755,europe,europe,seab,scav,EPI_ISL_19016257|A/Common_Buzzard/England/133477/2024|H5N5|Europe|2024-02-19|wild_avian|A6
351,338,339,0.08706419324402644,2024.1011788647304,2024.1011788647304,53.878533134756836,-1.9523001380377152,54.00006260963675,-2.532329738212975,europe,europe,seab,bdpr,
352,339,340,0.026066465808564563,2024.127245330539,2024.127245330539,54.00006260963675,-2.532329738212975,54.00230489390299,-2.54632920168829,europe,europe,bdpr,bdpr,EPI_ISL_19016256|A/Sparrowhawk/England/133522/2024|H5N5|Europe|2024-02-21|wild_avian|A6
353,339,341,0.026066465808564563,2024.127245330539,2024.127245330539,54.00006260963675,-2.532329738212975,54.00406338260315,-2.5478463561142903,europe,europe,bdpr,bdpr,EPI_ISL_19016255|A/Sparrowhawk/England/133485/2024|H5N5|Europe|2024-02-20|wild_avian|A6
354,343,347,0.023018997348715618,2023.9817430335552,2023.9817430335552,52.365816425642976,5.308639843378301,52.31259688368612,5.45946701282775,europe,europe,seab,seab,EPI_ISL_19053252|A/Northern_Fulmar/Netherlands/1/2024|H5N5|Europe|2024-01-24|wild_avian|A6
355,343,344,0.023018997348715618,2023.9817430335552,2023.9817430335552,52.365816425642976,5.308639843378301,52.31313091769865,5.449671842834731,europe,europe,seab,seab,
356,344,345,0.07093169904385718,2024.0461214657564,2024.0461214657564,52.31313091769865,5.449671842834731,52.31262799673621,5.4577525768950235,europe,europe,seab,seab,EPI_ISL_19053254|A/Northern_Fulmar/Netherlands/3/2024|H5N5|Europe|2024-01-28|wild_avian|A6
357,344,346,0.07093169904385718,2024.0461214657564,2024.0461214657564,52.31313091769865,5.449671842834731,52.312941440922025,5.461594493533505,europe,europe,seab,seab,EPI_ISL_19053253|A/Northern_Fulmar/Netherlands/2/2024|H5N5|Europe|2024-01-25|wild_avian|A6
358,348,349,0.10406635666806147,2023.83270920936,2023.83270920936,54.03666462628533,-2.4689438352839623,54.00434576993225,-2.547992563399013,europe,europe,seab,seab,EPI_ISL_19410361|A/herring_gull/England/134425/2024|H5N5|Europe|2024-03-19|wild_avian|A6
359,348,350,0.10406635666806147,2023.83270920936,2023.83270920936,54.03666462628533,-2.4689438352839623,54.003324679257815,-2.549118069742795,europe,europe,seab,scav,EPI_ISL_19410363|A/common_buzzard/Scotland/008830/2024|H5N5|Europe|2024-03-04|wild_avian|A6
360,351,465,0.07228106228691217,2023.3045841386895,2023.3045841386895,50.61534604313112,-38.889661202397846,48.53614845411593,-50.00565138379792,east-canada,east-canada,seab,seab,
361,351,352,0.07228106228691217,2023.3045841386895,2023.3045841386895,50.61534604313112,-38.889661202397846,50.35091688516205,-41.61551213348947,east-canada,east-canada,seab,seab,
362,352,353,0.02872404587550678,2023.3349996131813,2023.3349996131813,50.35091688516205,-41.61551213348947,47.482975442274714,-52.79664927486732,east-canada,east-canada,seab,seab,EPI_ISL_19260108|A/Ring-billed_Gull/NL/FAV-0430-9/2023|H5N5|North_America|2023-10-23|wild_avian|A6
363,352,354,0.02872404587550678,2023.3349996131813,2023.3349996131813,50.35091688516205,-41.61551213348947,49.73333432980253,-47.87681667996815,east-canada,east-canada,seab,seab,
364,354,432,0.08583700773709799,2023.4065668232972,2023.4065668232972,49.73333432980253,-47.87681667996815,47.376053540644826,-53.342016116323514,east-canada,east-canada,seab,seab,
365,354,355,0.08583700773709799,2023.4065668232972,2023.4065668232972,49.73333432980253,-47.87681667996815,50.91467203334235,-52.65201019632549,east-canada,east-canada,seab,seab,
366,355,407,0.14736669240367808,2023.553933515701,2023.553933515701,50.91467203334235,-52.65201019632549,51.37291923623221,-52.88610013431426,east-canada,east-canada,seab,seab,
367,355,356,0.14736669240367808,2023.553933515701,2023.553933515701,50.91467203334235,-52.65201019632549,51.552509344348806,-56.066352329601415,east-canada,east-canada,seab,seab,
368,356,394,0.08860027909454134,2023.6795125454469,2023.6795125454469,51.552509344348806,-56.066352329601415,51.76798543221171,-58.204784351290954,east-canada,east-canada,seab,seab,
369,356,357,0.08860027909454134,2023.6795125454469,2023.6795125454469,51.552509344348806,-56.066352329601415,47.520086425951035,-54.43323420494499,east-canada,east-canada,seab,seab,
370,357,358,0.5156677995415081,2024.4334117622504,2024.4334117622504,47.520086425951035,-54.43323420494499,47.33828650998266,-54.00272019232778,east-canada,east-canada,seab,seab,
371,357,361,0.5156677995415081,2024.4334117622504,2024.4334117622504,47.520086425951035,-54.43323420494499,45.91463124479785,-58.40066413741661,east-canada,east-canada,seab,seab,
372,358,359,0.07121407027853113,2024.5217021657452,2024.5217021657452,47.33828650998266,-54.00272019232778,47.48528085530809,-52.798489534503545,east-canada,east-canada,seab,seab,EPI_ISL_19750599|A/Herring_Gull/NL/OTH-0111-2/2024|H5N5|North_America|2024-11-03|wild_avian|A6
373,358,360,0.07121407027853113,2024.5217021657452,2024.5217021657452,47.33828650998266,-54.00272019232778,47.48492620507847,-52.79825943206154,east-canada,east-canada,seab,seab,EPI_ISL_19750598|A/Great_Black-Backed_Gull/NL/OTH-0105-6/2024|H5N5|North_America|2024-10-04|wild_avian|A6
374,361,362,0.11140874659159804,2024.6061376442215,2024.6061376442215,45.91463124479785,-58.40066413741661,64.06100000000102,-152.23069999999967,east-canada,northwest-us,seab,mammal,26G03248|A/Polar_Bear/AK/26G03248/2025|H5N5|North_America|2025-08-01|nonhuman_mammal|A6
375,361,363,0.11140874659159804,2024.6061376442215,2024.6061376442215,45.91463124479785,-58.40066413741661,44.56513328571922,-59.63893129160824,east-canada,east-canada,seab,seab,
376,363,364,0.10359844939085194,2024.7075955116732,2024.7075955116732,44.56513328571922,-59.63893129160824,43.931417318239006,-59.91855188450396,east-canada,east-canada,seab,seab,EPI_ISL_19750590|A/Herring_Gull/NS/FAV-0380-3/2024|H5N5|North_America|2024-10-14|wild_avian|A6
377,363,365,0.10359844939085194,2024.7075955116732,2024.7075955116732,44.56513328571922,-59.63893129160824,44.540886765700975,-60.922486198171306,east-canada,east-canada,seab,seab,
378,365,366,0.14272830689347796,2024.8592269964277,2024.8592269964277,44.540886765700975,-60.922486198171306,45.09750864249614,-64.40776228565004,east-canada,east-canada,seab,scav,
379,365,369,0.14272830689347796,2024.8592269964277,2024.8592269964277,44.540886765700975,-60.922486198171306,44.02137557393877,-60.00045354499011,east-canada,east-canada,seab,seab,
380,366,367,0.3458868020250038,2025.1698938734546,2025.1698938734546,45.09750864249614,-64.40776228565004,45.09978056345856,-64.40714683676745,east-canada,east-canada,scav,scav,EPI_ISL_20067305|A/American_Crow/NS/FAV-0132-2/2025|H5N5|North_America|2025-03-13|wild_avian|A6
381,366,368,0.3458868020250038,2025.1698938734546,2025.1698938734546,45.09750864249614,-64.40776228565004,45.09637491967742,-64.40871369347902,east-canada,east-canada,scav,scav,EPI_ISL_20067303|A/American_Crow/NS/FAV-0132-1/2025|H5N5|North_America|2025-03-13|wild_avian|A6
382,369,391,0.3084838383127118,2025.1186317276797,2025.1186317276797,44.02137557393877,-60.00045354499011,43.932293640391876,-59.91537614359159,east-canada,east-canada,seab,seab,
383,369,370,0.3084838383127118,2025.1186317276797,2025.1186317276797,44.02137557393877,-60.00045354499011,43.90662620961037,-60.01811215836022,east-canada,east-canada,seab,seab,
384,370,390,0.050046678057146146,2025.1644850787866,2025.1644850787866,43.90662620961037,-60.01811215836022,43.93233644000959,-59.9155912086961,east-canada,east-canada,seab,seab,EPI_ISL_20067336|A/Herring_Gull/NS/FAV-0186-8/2025|H5N5|North_America|2025-04-26|wild_avian|A6
385,370,371,0.050046678057146146,2025.1644850787866,2025.1644850787866,43.90662620961037,-60.01811215836022,43.75153647077659,-60.271125880138236,east-canada,east-canada,seab,seab,
386,371,372,0.026879802965177137,2025.1975268077329,2025.1975268077329,43.75153647077659,-60.271125880138236,44.365243748150434,-59.33311630469284,east-canada,east-canada,seab,seab,
387,371,381,0.026879802965177137,2025.1975268077329,2025.1975268077329,43.75153647077659,-60.271125880138236,43.97463642697037,-59.71656885338715,east-canada,east-canada,seab,seab,
388,372,378,0.03905050416338875,2025.1991332866287,2025.1991332866287,44.365243748150434,-59.33311630469284,43.8991759635064,-59.908065936665125,east-canada,east-canada,seab,seab,
389,372,373,0.03905050416338875,2025.1991332866287,2025.1991332866287,44.365243748150434,-59.33311630469284,43.917355802554596,-59.802369188885365,east-canada,east-canada,seab,seab,
390,373,377,0.03290112272345233,2025.2557878547075,2025.2557878547075,43.917355802554596,-59.802369188885365,43.93022980026551,-59.91756233919073,east-canada,east-canada,seab,seab,EPI_ISL_20067357|A/Great_Black-Backed_Gull/NS/FAV-0188-9/2025|H5N5|North_America|2025-04-25|wild_avian|A6
391,373,374,0.03290112272345233,2025.2557878547075,2025.2557878547075,43.917355802554596,-59.802369188885365,43.922539148960624,-59.93532146781854,east-canada,east-canada,seab,seab,
392,374,375,0.03731204552425977,2025.234818103409,2025.234818103409,43.922539148960624,-59.93532146781854,43.92844408110089,-59.91562692537736,east-canada,east-canada,seab,seab,EPI_ISL_20067329|A/Great_Black-Backed_Gull/NS/FAV-0186-5/2025|H5N5|North_America|2025-04-26|wild_avian|A6
393,374,376,0.03731204552425977,2025.234818103409,2025.234818103409,43.922539148960624,-59.93532146781854,43.93391534946159,-59.913159662218916,east-canada,east-canada,seab,seab,EPI_ISL_20067355|A/Great_Black-Backed_Gull/NS/FAV-0188-7/2025|H5N5|North_America|2025-04-25|wild_avian|A6
394,378,379,0.038441155162251266,2025.2904589719406,2025.2904589719406,43.8991759635064,-59.908065936665125,43.93555818241844,-59.9195654696523,east-canada,east-canada,seab,seab,EPI_ISL_20067327|A/Great_Black-Backed_Gull/NS/FAV-0186-4/2025|H5N5|North_America|2025-04-26|wild_avian|A6
395,378,380,0.038441155162251266,2025.2904589719406,2025.2904589719406,43.8991759635064,-59.908065936665125,43.93303102882039,-59.91617099974616,east-canada,east-canada,seab,seab,EPI_ISL_20067347|A/Great_Black-Backed_Gull/NS/FAV-0188-11/2025|H5N5|North_America|2025-04-25|wild_avian|A6
396,381,382,0.016232741265067335,2025.2091571555475,2025.2091571555475,43.97463642697037,-59.71656885338715,43.93159370719408,-59.919848093164475,east-canada,east-canada,seab,seab,EPI_ISL_20067353|A/Great_Black-Backed_Gull/NS/FAV-0188-5/2025|H5N5|North_America|2025-04-25|wild_avian|A6
397,381,383,0.016232741265067335,2025.2091571555475,2025.2091571555475,43.97463642697037,-59.71656885338715,43.99571045899263,-59.77759178572638,east-canada,east-canada,seab,seab,
398,383,389,0.041087915232045,2025.235119749196,2025.235119749196,43.99571045899263,-59.77759178572638,43.933125354454425,-59.91707189509751,east-canada,east-canada,seab,seab,EPI_ISL_20067352|A/Great_Black-Backed_Gull/NS/FAV-0188-4/2025|H5N5|North_America|2025-04-25|wild_avian|A6
399,383,384,0.041087915232045,2025.235119749196,2025.235119749196,43.99571045899263,-59.77759178572638,43.820086063142355,-59.85284373949172,east-canada,east-canada,seab,seab,
400,384,385,0.03984898212775928,2025.2406144397016,2025.2406144397016,43.820086063142355,-59.85284373949172,43.93325577865353,-59.91492562329044,east-canada,east-canada,seab,seab,EPI_ISL_20067345|A/Herring_Gull/NS/FAV-0188-10/2025|H5N5|North_America|2025-04-25|wild_avian|A6
401,384,386,0.03984898212775928,2025.2406144397016,2025.2406144397016,43.820086063142355,-59.85284373949172,43.90843724328076,-59.91015895943878,east-canada,east-canada,seab,seab,
402,386,387,0.03071329108422724,2025.2766141306058,2025.2766141306058,43.90843724328076,-59.91015895943878,43.93418645101288,-59.91703467631199,east-canada,east-canada,seab,seab,EPI_ISL_20067331|A/Great_Black-Backed_Gull/NS/FAV-0186-6/2025|H5N5|North_America|2025-04-26|wild_avian|A6
403,386,388,0.03071329108422724,2025.2766141306058,2025.2766141306058,43.90843724328076,-59.91015895943878,43.93168492311354,-59.917406789507936,east-canada,east-canada,seab,seab,EPI_ISL_20067354|A/Great_Black-Backed_Gull/NS/FAV-0188-6/2025|H5N5|North_America|2025-04-25|wild_avian|A6
404,391,392,0.0503040107189689,2025.2245989562427,2025.2245989562427,43.932293640391876,-59.91537614359159,43.93320236188863,-59.917015386333325,east-canada,east-canada,seab,seab,EPI_ISL_20067356|A/Great_Black-Backed_Gull/NS/FAV-0188-8/2025|H5N5|North_America|2025-04-25|wild_avian|A6
405,391,393,0.0503040107189689,2025.2245989562427,2025.2245989562427,43.932293640391876,-59.91537614359159,43.932825119558316,-59.91605135963671,east-canada,east-canada,seab,seab,EPI_ISL_20067322|A/Great_Black-Backed_Gull/NS/FAV-0186-1/2025|H5N5|North_America|2025-04-25|wild_avian|A6
406,394,395,0.09965999315035906,2023.7313945581507,2023.7313945581507,51.76798543221171,-58.204784351290954,47.482402755086675,-52.797450804501565,east-canada,east-canada,seab,seab,EPI_ISL_19260106|A/Herring_Gull/NL/FAV-0430-14/2023|H5N5|North_America|2023-11-02|wild_avian|A6
407,394,396,0.09965999315035906,2023.7313945581507,2023.7313945581507,51.76798543221171,-58.204784351290954,53.39964604315634,-65.25854970260491,east-canada,northeast-us,seab,seab,
408,396,397,0.12118616584371354,2023.8528138655925,2023.8528138655925,53.39964604315634,-65.25854970260491,41.83214618898136,-69.97281867034242,northeast-us,northeast-us,seab,seab,EPI_ISL_19736843|A/great_black-backed_gull/Massachusetts/004865-020/2024|H5N5|North_America|2024-01-18|wild_avian|A6
409,396,398,0.12118616584371354,2023.8528138655925,2023.8528138655925,53.39964604315634,-65.25854970260491,68.5380640359053,-91.940156220658,northeast-us,north-canada,seab,seab,
410,398,404,0.7728090985895499,2024.625115645738,2024.625115645738,68.5380640359053,-91.940156220658,70.98257712021899,-93.96085065327468,north-canada,north-canada,seab,mammal,
411,398,399,0.7728090985895499,2024.625115645738,2024.625115645738,68.5380640359053,-91.940156220658,69.46212432865393,-95.91143947979155,north-canada,north-canada,seab,mammal,
412,399,403,0.03664676043859496,2024.7054342948327,2024.7054342948327,69.46212432865393,-95.91143947979155,74.67709165374268,-94.84823356358497,north-canada,north-canada,mammal,mammal,EPI_ISL_19750594|A/Ringed_Seal/NU/FAV-0410-3/2024|H5N5|North_America|2024-10-09|nonhuman_mammal|A6
413,399,400,0.03664676043859496,2024.7054342948327,2024.7054342948327,69.46212432865393,-95.91143947979155,52.67818897355936,-114.26362346914503,north-canada,northwest-us,mammal,mammal,
414,400,402,0.9881033831832099,2025.6648543296378,2025.6648543296378,52.67818897355936,-114.26362346914503,47.3792849156785,-120.44861159090416,northwest-us,northwest-us,mammal,grdbd,25G04434-001-v|A/Turkey/WA/25G04434-001-v/2025|H5N5|North_America|2025-11-14|domestic_avian|A6
415,400,401,0.9881033831832099,2025.6648543296378,2025.6648543296378,52.67818897355936,-114.26362346914503,47.3853375831587,-120.44761982712609,northwest-us,northwest-us,mammal,mammal,EPI_ISL_20252012|A/Washington/2148/2025|H5N5|North_America|2025-11-10|human|A6
416,404,406,0.033027574686922107,2024.6803116183105,2024.6803116183105,70.98257712021899,-93.96085065327468,74.678739239035,-94.84613343943188,north-canada,north-canada,mammal,mammal,EPI_ISL_19750593|A/Ringed_Seal/NU/FAV-0410-2/2024|H5N5|North_America|2024-10-09|nonhuman_mammal|A6
417,404,405,0.033027574686922107,2024.6803116183105,2024.6803116183105,70.98257712021899,-93.96085065327468,74.67794431599927,-94.8459623194622,north-canada,north-canada,mammal,seab,EPI_ISL_19750586|A/Northern_Fulmar/NU/FAV-0290-1/2024|H5N5|North_America|2024-10-03|wild_avian|A6
418,407,431,0.039243075454916884,2023.5916544175927,2023.5916544175927,51.37291923623221,-52.88610013431426,75.73497205201899,-41.10065486460363,east-canada,europe,seab,seab,EPI_ISL_19216501|A/northern_fulmar/Greenland/08238-1.01/2023|H5N5|North_America|2023|wild_avian|A6
419,407,408,0.039243075454916884,2023.5916544175927,2023.5916544175927,51.37291923623221,-52.88610013431426,48.71962317101217,-54.49279955589295,east-canada,east-canada,seab,seab,
420,408,409,0.04974903780030454,2023.6266677498222,2023.6266677498222,48.71962317101217,-54.49279955589295,43.934459680739444,-59.918201069022956,east-canada,east-canada,seab,seab,EPI_ISL_20067351|A/Great_Black-Backed_Gull/NS/FAV-0188-3/2025|H5N5|North_America|2024-11-01|wild_avian|A6
421,408,410,0.04974903780030454,2023.6266677498222,2023.6266677498222,48.71962317101217,-54.49279955589295,48.50934782824901,-54.387863494300824,east-canada,east-canada,seab,seab,
422,410,424,0.04828916602497469,2023.6339841851595,2023.6339841851595,48.50934782824901,-54.387863494300824,47.772006576364724,-55.138521406269994,east-canada,east-canada,seab,seab,
423,410,411,0.04828916602497469,2023.6339841851595,2023.6339841851595,48.50934782824901,-54.387863494300824,47.56616960259382,-54.96447046842694,east-canada,east-canada,seab,seab,
424,411,419,0.04901729026113295,2023.6819357209977,2023.6819357209977,47.56616960259382,-54.96447046842694,47.20576351523945,-54.564597281386135,east-canada,east-canada,seab,seab,
425,411,412,0.04901729026113295,2023.6819357209977,2023.6819357209977,47.56616960259382,-54.96447046842694,45.389736278290634,-59.122575652761675,east-canada,east-canada,seab,seab,
426,412,418,0.42298938668865643,2024.3105445804567,2024.3105445804567,45.389736278290634,-59.122575652761675,43.931487124952966,-59.91862347599532,east-canada,east-canada,seab,seab,EPI_ISL_20067350|A/Great_Black-Backed_Gull/NS/FAV-0188-2/2025|H5N5|North_America|2024-11-01|wild_avian|A6
427,412,413,0.42298938668865643,2024.3105445804567,2024.3105445804567,45.389736278290634,-59.122575652761675,45.76648583317111,-60.95215982237307,east-canada,east-canada,seab,seab,
428,413,414,0.20819125192103574,2024.5093129906174,2024.5093129906174,45.76648583317111,-60.95215982237307,46.20521000000007,-63.22507000000038,east-canada,east-canada,seab,mammal,EPI_ISL_20067300|A/Striped_Skunk/PEI/FAV-0128-4/2025|H5N5|North_America|2025-03-26|nonhuman_mammal|A6
429,413,415,0.20819125192103574,2024.5093129906174,2024.5093129906174,45.76648583317111,-60.95215982237307,45.81392656654603,-59.66097829249731,east-canada,east-canada,seab,seab,
430,415,417,0.1532871807451321,2024.6624981530715,2024.6624981530715,45.81392656654603,-59.66097829249731,44.61168000000104,-63.49390000000087,east-canada,east-canada,seab,seab,EPI_ISL_19750616|A/Great_Black-Backed_Gull/NS/FAV-0050-1/2025|H5N5|North_America|2024-11-25|wild_avian|A6
431,415,416,0.1532871807451321,2024.6624981530715,2024.6624981530715,45.81392656654603,-59.66097829249731,47.484143012450986,-52.79828657789772,east-canada,east-canada,seab,seab,EPI_ISL_19750601|A/Herring_Gull/NL/OTH-0111-4/2024|H5N5|North_America|2024-11-15|wild_avian|A6
432,419,420,0.05654682408319151,2023.726847369303,2023.726847369303,47.20576351523945,-54.564597281386135,43.93371419050994,-59.9159989164153,east-canada,east-canada,seab,seab,EPI_ISL_19750582|A/Herring_Gull/NS/FAV-0245-4/2024|H5N5|North_America|2024-04-05|wild_avian|A6
433,419,421,0.05654682408319151,2023.726847369303,2023.726847369303,47.20576351523945,-54.564597281386135,47.53612643269091,-52.855409938521746,east-canada,east-canada,seab,seab,
434,421,423,0.0637501567300428,2023.790446865839,2023.790446865839,47.53612643269091,-52.855409938521746,47.48093138982943,-52.79495189117238,east-canada,east-canada,seab,seab,EPI_ISL_19260103|A/Great_Black-Backed_Gull/NL/FAV-0430-11/2023|H5N5|North_America|2023-11-10|wild_avian|A6
435,421,422,0.0637501567300428,2023.790446865839,2023.790446865839,47.53612643269091,-52.855409938521746,47.649239999999395,-52.70176000000101,east-canada,east-canada,seab,seab,EPI_ISL_19260104|A/Herring_Gull/NL/FAV-0430-12/2023|H5N5|North_America|2023-11-02|wild_avian|A6
436,424,425,0.06616522772422583,2023.7019025631184,2023.7019025631184,47.772006576364724,-55.138521406269994,47.485450135284275,-52.797209960590294,east-canada,east-canada,seab,seab,EPI_ISL_19260105|A/Herring_Gull/NL/FAV-0430-13/2023|H5N5|North_America|2023-11-06|wild_avian|A6
437,424,426,0.06616522772422583,2023.7019025631184,2023.7019025631184,47.772006576364724,-55.138521406269994,46.53306161889708,-61.94746860429987,east-canada,east-canada,seab,seab,
438,426,427,0.29369710340147703,2023.9950680037127,2023.9950680037127,46.53306161889708,-61.94746860429987,46.36546999999976,-62.86693999999989,east-canada,east-canada,seab,mammal,EPI_ISL_19260117|A/Striped_Skunk/PEI/FAV-0130-1/2024|H5N5|North_America|2024-04-09|nonhuman_mammal|A6
439,426,428,0.29369710340147703,2023.9950680037127,2023.9950680037127,46.53306161889708,-61.94746860429987,46.2309587974114,-63.14873462628007,east-canada,east-canada,seab,scav,
440,428,429,0.095635326516711,2024.0907033302294,2024.0907033302294,46.2309587974114,-63.14873462628007,46.23366147124039,-63.12806440334768,east-canada,east-canada,scav,scav,EPI_ISL_19260111|A/American_Crow/PEI/FAV-0074-3/2024|H5N5|North_America|2024-02-09|wild_avian|A6
441,428,430,0.095635326516711,2024.0907033302294,2024.0907033302294,46.2309587974114,-63.14873462628007,46.23450095863446,-63.127852478125185,east-canada,east-canada,scav,scav,EPI_ISL_19260110|A/American_Crow/PEI/FAV-0074-2/2024|H5N5|North_America|2024-02-09|wild_avian|A6
442,432,454,0.16818703476495883,2023.5747538580622,2023.5747538580622,47.376053540644826,-53.342016116323514,44.12302364176921,-59.51479855785463,east-canada,east-canada,seab,seab,
443,432,433,0.16818703476495883,2023.5747538580622,2023.5747538580622,47.376053540644826,-53.342016116323514,47.083840881067125,-53.83743126842133,east-canada,east-canada,seab,seab,
444,433,434,0.05572396053649753,2023.6286714547346,2023.6286714547346,47.083840881067125,-53.83743126842133,47.11687000000017,-52.023800000000556,east-canada,east-canada,seab,seab,EPI_ISL_19260107|A/Great_Black-Backed_Gull/NL/FAV-0430-7/2023|H5N5|North_America|2023-09-28|wild_avian|A6
445,433,435,0.05572396053649753,2023.6286714547346,2023.6286714547346,47.083840881067125,-53.83743126842133,46.55693612177805,-59.22946141838286,east-canada,east-canada,seab,seab,
446,435,436,0.10437050949822338,2023.7319797525215,2023.7319797525215,46.55693612177805,-59.22946141838286,46.66268999999973,-71.57358999999998,east-canada,east-canada,seab,scav,EPI_ISL_19260118|A/American_Crow/QC/FAV-0132-1/2024|H5N5|North_America|2024-04-11|wild_avian|A6
447,435,437,0.10437050949822338,2023.7319797525215,2023.7319797525215,46.55693612177805,-59.22946141838286,46.138180546451174,-60.214256767337204,east-canada,east-canada,seab,seab,
448,437,438,0.09296926983337833,2023.824949022355,2023.824949022355,46.138180546451174,-60.214256767337204,46.11770506593412,-60.0772305242107,east-canada,east-canada,seab,seab,
449,437,443,0.09296926983337833,2023.824949022355,2023.824949022355,46.138180546451174,-60.214256767337204,45.484901748051,-62.4411108141737,east-canada,east-canada,seab,seab,
450,438,442,0.017765680859517283,2023.8558921570386,2023.8558921570386,46.11770506593412,-60.0772305242107,46.18432463648203,-59.901684863106496,east-canada,east-canada,seab,seab,EPI_ISL_19260101|A/Great_Black-Backed_Gull/NS/FAV-0405-3/2023|H5N5|North_America|2023-11-20|wild_avian|A6
451,438,439,0.017765680859517283,2023.8558921570386,2023.8558921570386,46.11770506593412,-60.0772305242107,46.161672564627615,-59.938931717561,east-canada,east-canada,seab,seab,
452,439,440,0.023784277092974537,2023.8715943046604,2023.8715943046604,46.161672564627615,-59.938931717561,46.17861283816771,-59.90493281796444,east-canada,east-canada,seab,seab,EPI_ISL_19260099|A/Great_Black-Backed_Gull/NS/FAV-0405-1/2023|H5N5|North_America|2023-11-20|wild_avian|A6
453,439,441,0.023784277092974537,2023.8715943046604,2023.8715943046604,46.161672564627615,-59.938931717561,46.18423477030486,-59.902073897117454,east-canada,east-canada,seab,seab,EPI_ISL_19260100|A/Great_Black-Backed_Gull/NS/FAV-0405-2/2023|H5N5|North_America|2023-11-20|wild_avian|A6
454,443,453,0.031288024860241945,2023.8883958661759,2023.8883958661759,45.484901748051,-62.4411108141737,41.95406999999979,-70.65879000000093,east-canada,northeast-us,seab,seab,EPI_ISL_19737349|A/great_black-backed_gull/Massachusetts/000869-003/2023|H5N5|North_America|2023-12-27|wild_avian|A6
455,443,444,0.031288024860241945,2023.8883958661759,2023.8883958661759,45.484901748051,-62.4411108141737,45.66272854612018,-63.03627464403193,east-canada,east-canada,seab,seab,
456,444,452,0.12349906330855981,2023.982997604031,2023.982997604031,45.66272854612018,-63.03627464403193,46.21442018231487,-63.08248797320333,east-canada,east-canada,seab,mammal,EPI_ISL_19260114|A/Raccoon/PEI/FAV-0108-1/2024|H5N5|North_America|2024-03-14|nonhuman_mammal|A6
457,444,445,0.12349906330855981,2023.982997604031,2023.982997604031,45.66272854612018,-63.03627464403193,45.133485627338835,-64.10440957582274,east-canada,east-canada,seab,seab,
458,445,451,0.047468806580072256,2024.0336558808988,2024.0336558808988,45.133485627338835,-64.10440957582274,41.7506700000006,-69.99113000000068,east-canada,northeast-us,seab,bdpr,EPI_ISL_19736906|A/red-tailed_hawk/Massachusetts/014126-021/2024|H5N5|North_America|2024-03-16|wild_avian|A6
459,445,446,0.047468806580072256,2024.0336558808988,2024.0336558808988,45.133485627338835,-64.10440957582274,46.18835811940954,-63.06176904976559,east-canada,east-canada,seab,mammal,
460,446,450,0.1057895252204183,2024.12123954502,2024.12123954502,46.18835811940954,-63.06176904976559,46.21103602423417,-63.085562340175116,east-canada,east-canada,mammal,mammal,EPI_ISL_19260115|A/Striped_Skunk/PEI/FAV-0109-1/2024|H5N5|North_America|2024-03-11|nonhuman_mammal|A6
461,446,447,0.1057895252204183,2024.12123954502,2024.12123954502,46.18835811940954,-63.06176904976559,46.19713787549341,-63.1164532801364,east-canada,east-canada,mammal,mammal,
462,447,449,0.02099027740364021,2024.147601063593,2024.147601063593,46.19713787549341,-63.1164532801364,46.21344916009723,-63.08696274812693,east-canada,east-canada,mammal,mammal,EPI_ISL_19260116|A/Striped_Skunk/PEI/FAV-0111-1/2024|H5N5|North_America|2024-03-14|nonhuman_mammal|A6
463,447,448,0.02099027740364021,2024.147601063593,2024.147601063593,46.19713787549341,-63.1164532801364,46.21562795653843,-63.08630059462521,east-canada,east-canada,mammal,mammal,EPI_ISL_19260113|A/Raccoon/PEI/FAV-0093-1/2024|H5N5|North_America|2024-03-06|nonhuman_mammal|A6
464,454,462,0.5626218253977102,2024.1411400439426,2024.1411400439426,44.12302364176921,-59.51479855785463,43.949951626383154,-59.878613638067655,east-canada,east-canada,seab,seab,
465,454,455,0.5626218253977102,2024.1411400439426,2024.1411400439426,44.12302364176921,-59.51479855785463,43.95640361998918,-59.862044439172315,east-canada,east-canada,seab,seab,
466,455,456,0.06180408202113961,2024.1889362486963,2024.1889362486963,43.95640361998918,-59.862044439172315,43.93066703959743,-59.9191969264857,east-canada,east-canada,seab,seab,EPI_ISL_19750580|A/Great_Black-Backed_Gull/NS/FAV-0245-2/2024|H5N5|North_America|2024-04-03|wild_avian|A6
467,455,457,0.06180408202113961,2024.1889362486963,2024.1889362486963,43.95640361998918,-59.862044439172315,43.929358179008815,-59.96254719771592,east-canada,east-canada,seab,seab,
468,457,458,0.03594692535484278,2024.2192610749216,2024.2192610749216,43.929358179008815,-59.96254719771592,43.93342055872073,-59.9140718006277,east-canada,east-canada,seab,seab,EPI_ISL_19750577|A/Herring_Gull/NS/FAV-0243-1/2024|H5N5|North_America|2024-04-26|wild_avian|A6
469,457,459,0.03594692535484278,2024.2192610749216,2024.2192610749216,43.929358179008815,-59.96254719771592,43.915512578470135,-59.927649849653946,east-canada,east-canada,seab,seab,
470,459,461,0.03584234614648223,2024.2410669319188,2024.2410669319188,43.915512578470135,-59.927649849653946,43.9304760515864,-59.91482508941854,east-canada,east-canada,seab,seab,EPI_ISL_19750579|A/Great_Black-Backed_Gull/NS/FAV-0243-3/2024|H5N5|North_America|2024-05-01|wild_avian|A6
471,459,460,0.03584234614648223,2024.2410669319188,2024.2410669319188,43.915512578470135,-59.927649849653946,43.93252930946657,-59.91462420828221,east-canada,east-canada,seab,seab,EPI_ISL_19750583|A/Iceland_Gull/NS/FAV-0245-5/2024|H5N5|North_America|2024-04-09|wild_avian|A6
472,462,464,0.05256440825522564,2024.220463695823,2024.220463695823,43.949951626383154,-59.878613638067655,43.92930945275885,-59.91618697230675,east-canada,east-canada,seab,seab,EPI_ISL_19750578|A/Great_Black-Backed_Gull/NS/FAV-0243-2/2024|H5N5|North_America|2024-05-01|wild_avian|A6
473,462,463,0.05256440825522564,2024.220463695823,2024.220463695823,43.949951626383154,-59.878613638067655,43.93147390780646,-59.91625239943018,east-canada,east-canada,seab,seab,EPI_ISL_19750585|A/Great_Black-Backed_Gull/NS/FAV-0245-7/2024|H5N5|North_America|2024-04-21|wild_avian|A6
474,465,541,0.08253436222040675,2023.4030434059957,2023.4030434059957,48.53614845411593,-50.00565138379792,47.667739999999796,-58.29991000000099,east-canada,east-canada,seab,seab,EPI_ISL_19260109|A/Herring_Gull/NL/FAV-0375-3/2023|H5N5|North_America|2023-06-29|wild_avian|A6
475,465,466,0.08253436222040675,2023.4030434059957,2023.4030434059957,48.53614845411593,-50.00565138379792,46.84316434841241,-55.6798073040528,east-canada,east-canada,seab,seab,
476,466,508,0.16265028034531256,2023.565693686341,2023.565693686341,46.84316434841241,-55.6798073040528,46.51034433409829,-57.401796558947645,east-canada,east-canada,seab,seab,
477,466,467,0.16265028034531256,2023.565693686341,2023.565693686341,46.84316434841241,-55.6798073040528,44.099207214572886,-64.28863320868687,east-canada,east-canada,seab,seab,
478,467,468,0.44571504817673535,2024.0114087345178,2024.0114087345178,44.099207214572886,-64.28863320868687,42.47724990921269,-71.28639500249416,east-canada,northeast-us,seab,scav,
479,467,473,0.44571504817673535,2024.0114087345178,2024.0114087345178,44.099207214572886,-64.28863320868687,44.0693703153753,-62.62324443756972,east-canada,east-canada,seab,seab,
480,468,469,0.26868873000816407,2024.2800974645259,2024.2800974645259,42.47724990921269,-71.28639500249416,42.38940702941098,-71.57008875044326,northeast-us,northeast-us,scav,scav,EPI_ISL_19736870|A/turkey_vulture/Massachusetts/014126-069/2024|H5N5|North_America|2024-05-03|wild_avian|A6
481,468,470,0.26868873000816407,2024.2800974645259,2024.2800974645259,42.47724990921269,-71.28639500249416,42.390144298799044,-71.56463146139525,northeast-us,northeast-us,scav,scav,
482,470,471,0.041989996964399534,2024.3219529585272,2024.3219529585272,42.390144298799044,-71.56463146139525,42.39302963670971,-71.56698482427981,northeast-us,northeast-us,scav,scav,EPI_ISL_19736871|A/turkey_vulture/Massachusetts/014126-068/2024|H5N5|North_America|2024-05-03|wild_avian|A6
483,470,472,0.041989996964399534,2024.3219529585272,2024.3219529585272,42.390144298799044,-71.56463146139525,42.38954436318717,-71.56944523286236,northeast-us,northeast-us,scav,scav,EPI_ISL_19736872|A/turkey_vulture/Massachusetts/014126-067/2024|H5N5|North_America|2024-05-03|wild_avian|A6
484,473,474,0.28673851230310876,2024.298147246821,2024.298147246821,44.0693703153753,-62.62324443756972,43.933523480360925,-59.91733954063503,east-canada,east-canada,seab,seab,EPI_ISL_20067343|A/Herring_Gull/NS/FAV-0188-1/2025|H5N5|North_America|2024-10-31|wild_avian|A6
485,473,475,0.28673851230310876,2024.298147246821,2024.298147246821,44.0693703153753,-62.62324443756972,44.311934969423504,-65.38832713091755,east-canada,east-canada,seab,seab,
486,475,507,0.3027441396706112,2024.6008913864914,2024.6008913864914,44.311934969423504,-65.38832713091755,44.71771,-65.49493999999882,east-canada,east-canada,seab,bdpr,EPI_ISL_20067314|A/Bald_Eagle/NS/FAV-0157-3/2025|H5N5|North_America|2025-04-14|wild_avian|A6
487,475,476,0.3027441396706112,2024.6008913864914,2024.6008913864914,44.311934969423504,-65.38832713091755,43.40592597947396,-68.08980585289339,east-canada,east-canada,seab,seab,
488,476,504,0.19737641040373924,2024.7982677968953,2024.7982677968953,43.40592597947396,-68.08980585289339,42.582051139486836,-71.15248370202701,east-canada,northeast-us,seab,scav,
489,476,477,0.19737641040373924,2024.7982677968953,2024.7982677968953,43.40592597947396,-68.08980585289339,43.58150463547765,-67.77703865405896,east-canada,east-canada,seab,seab,
490,477,478,0.04738692663626454,2024.8429830704906,2024.8429830704906,43.58150463547765,-67.77703865405896,44.36700558439007,-66.44116301217078,east-canada,east-canada,seab,seab,
491,477,481,0.04738692663626454,2024.8429830704906,2024.8429830704906,43.58150463547765,-67.77703865405896,42.57960950310287,-69.52050197715795,east-canada,northeast-us,seab,seab,
492,478,479,0.10061883929918669,2024.9499200121334,2024.9499200121334,44.36700558439007,-66.44116301217078,45.26535638989649,-66.06318938391217,east-canada,east-canada,seab,mammal,EPI_ISL_20067317|A/Raccoon/NB/FAV-0157-4/2025|H5N5|North_America|2025-03-21|nonhuman_mammal|A6
493,478,480,0.10061883929918669,2024.9499200121334,2024.9499200121334,44.36700558439007,-66.44116301217078,44.19660999999963,-66.14781000000065,east-canada,east-canada,seab,seab,EPI_ISL_20067298|A/Herring_Gull/NS/FAV-0124-7/2025|H5N5|North_America|2025-03-11|wild_avian|A6
494,481,482,0.06409664020505401,2024.9059532930228,2024.9059532930228,42.57960950310287,-69.52050197715795,41.35143112471138,-70.17091761959888,northeast-us,northeast-us,seab,seab,
495,481,485,0.06409664020505401,2024.9059532930228,2024.9059532930228,42.57960950310287,-69.52050197715795,42.42056271538185,-70.3442217871165,northeast-us,northeast-us,seab,seab,
496,482,483,0.126578032301247,2025.0400916825586,2025.0400916825586,41.35143112471138,-70.17091761959888,41.33527799999932,-70.3041670000006,northeast-us,northeast-us,seab,seab,25HP00818|A/Great_black-backed_gull/MA/25HP00818/2025|H5N5|North_America|2025-04-25|wild_avian|A6
497,482,484,0.126578032301247,2025.0400916825586,2025.0400916825586,41.35143112471138,-70.17091761959888,41.286718650778035,-70.09605794132212,northeast-us,northeast-us,seab,gds,25NE00305|A/common_eider/MA/25NE00305/2025|H5N5|North_America|2025-02-07|wild_avian|A6
498,485,497,0.050172279378303826,2024.9551460668279,2024.9551460668279,42.42056271538185,-70.3442217871165,42.22071898904762,-71.46003933558762,northeast-us,northeast-us,seab,gds,
499,485,486,0.050172279378303826,2024.9551460668279,2024.9551460668279,42.42056271538185,-70.3442217871165,42.03508614537299,-70.88044043824716,northeast-us,northeast-us,seab,seab,
500,486,496,0.13301700674328035,2025.0811382246902,2025.0811382246902,42.03508614537299,-70.88044043824716,42.25817193196502,-71.80862725540828,northeast-us,northeast-us,seab,seab,EPI_ISL_20145190|A/great_black-backed_gull/USA/021407-026/2025|H5N5|North_America|2025-04-25|wild_avian|A6
501,486,487,0.13301700674328035,2025.0811382246902,2025.0811382246902,42.03508614537299,-70.88044043824716,41.52703501267078,-70.51805441168119,northeast-us,northeast-us,seab,seab,
502,487,493,0.06108779584861361,2025.1374576303733,2025.1374576303733,41.52703501267078,-70.51805441168119,41.30223631248924,-70.10496979235981,northeast-us,northeast-us,seab,seab,
503,487,488,0.06108779584861361,2025.1374576303733,2025.1374576303733,41.52703501267078,-70.51805441168119,41.36156492292831,-70.29016938352767,northeast-us,northeast-us,seab,seab,
504,488,489,0.058609875205917136,2025.2009953860686,2025.2009953860686,41.36156492292831,-70.29016938352767,41.28386460662139,-70.1004263404666,northeast-us,northeast-us,seab,seab,EPI_ISL_TBD|A/Great_black-backed_gull/MA/25HP00809/2025|H5N5|North_America|2025-04-23|wild_avian|A6
505,488,490,0.058609875205917136,2025.2009953860686,2025.2009953860686,41.36156492292831,-70.29016938352767,41.291421586885974,-70.09899945192223,northeast-us,northeast-us,seab,seab,
506,490,491,0.05930130313566182,2025.2602966892043,2025.2602966892043,41.291421586885974,-70.09899945192223,41.28487738514805,-70.09850771329835,northeast-us,northeast-us,seab,seab,EPI_ISL_TBD|A/Great_black-backed_gull/MA/25HP00806/2025|H5N5|North_America|2025-04-23|wild_avian|A6
507,490,492,0.05930130313566182,2025.2602966892043,2025.2602966892043,41.291421586885974,-70.09899945192223,41.28674130755752,-70.09787144211101,northeast-us,northeast-us,seab,seab,EPI_ISL_TBD|A/Great_black-backed_gull/MA/25HP00816/2025|H5N5|North_America|2025-04-23|wild_avian|A6
508,493,494,0.10003569002186485,2025.229137712317,2025.229137712317,41.30223631248924,-70.10496979235981,41.28543987254722,-70.1006422759916,northeast-us,northeast-us,seab,seab,EPI_ISL_TBD|A/Great_black-backed_gull/MA/25HP00813/2025|H5N5|North_America|2025-04-23|wild_avian|A6
509,493,495,0.10003569002186485,2025.229137712317,2025.229137712317,41.30223631248924,-70.10496979235981,41.28641032326,-70.09756712657558,northeast-us,northeast-us,seab,seab,EPI_ISL_TBD|A/Great_black-backed_gull/MA/25HP00810/2025|H5N5|North_America|2025-04-23|wild_avian|A6
510,497,501,0.10446121017394534,2025.0600327981738,2025.0600327981738,42.22071898904762,-71.46003933558762,42.12611934078258,-71.61055582719482,northeast-us,northeast-us,gds,gds,
511,497,498,0.10446121017394534,2025.0600327981738,2025.0600327981738,42.22071898904762,-71.46003933558762,42.21995227907276,-71.78320746574279,northeast-us,northeast-us,gds,gds,
512,498,499,0.01879534937240911,2025.088501443736,2025.088501443736,42.21995227907276,-71.78320746574279,42.25730167588269,-71.8102419977684,northeast-us,northeast-us,gds,gds,25-021407-029|A/Red-breasted_Merganser/MA/25-021407-029-original/2025|H5N5|North_America|2025-02-07|wild_avian|A6
513,498,500,0.01879534937240911,2025.088501443736,2025.088501443736,42.21995227907276,-71.78320746574279,42.25997354459197,-71.80660727630512,northeast-us,northeast-us,gds,gds,EPI_ISL_20145181|A/common_eider/USA/021407-028/2025|H5N5|North_America|2025-02-07|wild_avian|A6
514,501,502,0.018888203947904525,2025.0891004468697,2025.0891004468697,42.12611934078258,-71.61055582719482,42.260916464756505,-71.80744955101443,northeast-us,northeast-us,gds,seab,EPI_ISL_20094765|A/great_black-backed_gull/USA/019390-018/2025|H5N5|North_America|2025-02-07|wild_avian|A6
515,501,503,0.018888203947904525,2025.0891004468697,2025.0891004468697,42.12611934078258,-71.61055582719482,41.28641102202633,-70.09870540446872,northeast-us,northeast-us,gds,gds,25-021407-029|A/Red-breasted_Merganser/MA/25ne00306/2025|H5N5|North_America|2025-02-07|wild_avian|A6
516,504,505,0.24891698744038948,2025.0698359654084,2025.0698359654084,42.582051139486836,-71.15248370202701,42.256283142706174,-71.80692896892252,northeast-us,northeast-us,scav,scav,EPI_ISL_20094752|A/common_raven/USA/019390-017/2025|H5N5|North_America|2025-04-04|wild_avian|A6
517,504,506,0.24891698744038948,2025.0698359654084,2025.0698359654084,42.582051139486836,-71.15248370202701,42.70849000000022,-71.15999000000009,northeast-us,northeast-us,scav,scav,25-019390-016|A/Common_Raven/MA/25HP00745/2025|H5N5|North_America|2025-04-04|wild_avian|A6
518,508,509,0.12897298922893008,2023.69466667557,2023.69466667557,46.51034433409829,-57.401796558947645,47.48392999999998,-53.04570999999911,east-canada,east-canada,seab,seab,EPI_ISL_19260102|A/Great_Black-Backed_Gull/NL/FAV-0430-10/2023|H5N5|North_America|2023-10-30|wild_avian|A6
519,508,510,0.12897298922893008,2023.69466667557,2023.69466667557,46.51034433409829,-57.401796558947645,45.759153709650334,-60.958193241691774,east-canada,east-canada,seab,seab,
520,510,511,0.10779651370199092,2023.8152070303252,2023.8152070303252,45.759153709650334,-60.958193241691774,45.48056993829486,-62.08534616184346,east-canada,east-canada,seab,seab,
521,510,518,0.10779651370199092,2023.8152070303252,2023.8152070303252,45.759153709650334,-60.958193241691774,43.329207026317015,-70.73827070439735,east-canada,east-canada,seab,seab,
522,511,512,0.09580903073315865,2023.8784040923747,2023.8784040923747,45.48056993829486,-62.08534616184346,43.93297329178613,-59.91833774677704,east-canada,east-canada,seab,seab,EPI_ISL_19750581|A/Herring_Gull/NS/FAV-0245-3/2024|H5N5|North_America|2024-04-03|wild_avian|A6
523,511,513,0.09580903073315865,2023.8784040923747,2023.8784040923747,45.48056993829486,-62.08534616184346,45.60830429524056,-62.014173190310544,east-canada,east-canada,seab,seab,
524,513,514,0.03922070290168878,2023.9076873993083,2023.9076873993083,45.60830429524056,-62.014173190310544,45.78335000000013,-64.19651000000108,east-canada,east-canada,seab,bdpr,EPI_ISL_19750575|A/Ring-Tailed_Hawk/NS/FAV-0196-2/2024|H5N5|North_America|2024-04-02|wild_avian|A6
525,513,515,0.03922070290168878,2023.9076873993083,2023.9076873993083,45.60830429524056,-62.014173190310544,45.50697490828896,-62.347358580139264,east-canada,east-canada,seab,mammal,
526,515,517,0.030857852968837095,2023.9243065060405,2023.9243065060405,45.50697490828896,-62.347358580139264,46.13494000000063,-60.19150000000067,east-canada,east-canada,mammal,mammal,EPI_ISL_19750574|A/Red_Fox/NS/FAV-0183-1/2024|H5N5|North_America|2024-05-04|nonhuman_mammal|A6
527,515,516,0.030857852968837095,2023.9243065060405,2023.9243065060405,45.50697490828896,-62.347358580139264,45.07630425195948,-64.49524715937194,east-canada,east-canada,mammal,mammal,EPI_ISL_19260112|A/Raccoon/NS/FAV-0079-1/2024|H5N5|North_America|2024-02-02|nonhuman_mammal|A6
528,518,519,0.42266956993182986,2024.232852020766,2024.232852020766,43.329207026317015,-70.73827070439735,42.240863824720286,-70.91445170173826,east-canada,northeast-us,seab,seab,
529,518,530,0.42266956993182986,2024.232852020766,2024.232852020766,43.329207026317015,-70.73827070439735,42.898853117940796,-73.29707753589264,east-canada,east-canada,seab,seab,
530,519,520,0.30687424579161693,2024.6013153343017,2024.6013153343017,42.240863824720286,-70.91445170173826,41.97001944221051,-70.63352889408071,northeast-us,northeast-us,seab,seab,
531,519,523,0.30687424579161693,2024.6013153343017,2024.6013153343017,42.240863824720286,-70.91445170173826,41.74897055740679,-70.55987569933463,northeast-us,northeast-us,seab,seab,
532,520,522,0.303470307646369,2024.9047856419481,2024.9047856419481,41.97001944221051,-70.63352889408071,44.50048999999925,-79.4704800000019,northeast-us,east-canada,seab,scav,EPI_ISL_20067310|A/American_Crow/ON/FAV-0152-1/2025|H5N5|North_America|2025-04-20|wild_avian|A6
533,520,521,0.303470307646369,2024.9047856419481,2024.9047856419481,41.97001944221051,-70.63352889408071,41.83060732749266,-69.97219246263066,northeast-us,northeast-us,seab,seab,24-037650-002|A/sanderling/MA/24-037650-002/2024|H5N5|North_America|2024-12-09|wild_avian|A6
534,523,524,0.3409614480470778,2024.9422767823487,2024.9422767823487,41.74897055740679,-70.55987569933463,41.28731052774592,-70.12827048251215,northeast-us,northeast-us,seab,seab,
535,523,527,0.3409614480470778,2024.9422767823487,2024.9422767823487,41.74897055740679,-70.55987569933463,41.82013216800315,-70.8918005459291,northeast-us,northeast-us,seab,seab,
536,524,525,0.18772262769607184,2025.1309578169617,2025.1309578169617,41.28731052774592,-70.12827048251215,41.28371251043268,-70.10054694369211,northeast-us,northeast-us,seab,seab,EPI_ISL_TBD|A/Great_black-backed_gull/MA/25HP00821/2025|H5N5|North_America|2025-04-23|wild_avian|A6
537,524,526,0.18772262769607184,2025.1309578169617,2025.1309578169617,41.28731052774592,-70.12827048251215,41.28581580282905,-70.09848146258427,northeast-us,northeast-us,seab,seab,EPI_ISL_TBD|A/Great_black-backed_gull/MA/25HP00823/2025|H5N5|North_America|2025-04-23|wild_avian|A6
538,527,529,0.15464531292971218,2025.0976584182858,2025.0976584182858,41.82013216800315,-70.8918005459291,42.2596134996529,-71.80817938282559,northeast-us,northeast-us,seab,seab,25-021407-025|A/Great_black-backed_gull/MA/25-021407-025-original/2025|H5N5|North_America|2025-04-25|wild_avian|A6
539,527,528,0.15464531292971218,2025.0976584182858,2025.0976584182858,41.82013216800315,-70.8918005459291,41.28600661075144,-70.09944079059238,northeast-us,northeast-us,seab,seab,EPI_ISL_TBD|A/Great_black-backed_gull/MA/25HP00804/2025|H5N5|North_America|2025-04-23|wild_avian|A6
540,530,531,0.08606266873706755,2024.312017570165,2024.312017570165,42.898853117940796,-73.29707753589264,40.28733060245658,-82.7748722497353,east-canada,northeast-us,seab,bdpr,
541,530,534,0.08606266873706755,2024.312017570165,2024.312017570165,42.898853117940796,-73.29707753589264,43.37656789068306,-74.86531450022827,east-canada,east-canada,seab,scav,
542,531,533,0.7512601978463709,2025.0527528454058,2025.0527528454058,40.28733060245658,-82.7748722497353,40.28668547888482,-82.79155821269111,northeast-us,northeast-us,bdpr,bdpr,EPI_ISL_19776983|A/bald_eagle/USA/005188-001/2025|H5N5|North_America|2025|wild_avian|A6
543,531,532,0.7512601978463709,2025.0527528454058,2025.0527528454058,40.28733060245658,-82.7748722497353,40.28668265230589,-82.792715354891,northeast-us,northeast-us,bdpr,bdpr,EPI_ISL_19820113|A/bald_eagle/Ohio/OH25-5320/2025|H5N5|North_America|2025-02-05|wild_avian|A6
544,534,535,0.3583679787659961,2024.636766147084,2024.636766147084,43.37656789068306,-74.86531450022827,44.00862000000037,-77.1391000000003,east-canada,east-canada,scav,scav,EPI_ISL_19750587|A/Turkey_Vulture/ON/FAV-0316-1/2024|H5N5|North_America|2024-10-30|wild_avian|A6
545,534,536,0.3583679787659961,2024.636766147084,2024.636766147084,43.37656789068306,-74.86531450022827,42.314538402968154,-72.37643844201,east-canada,northeast-us,scav,scav,
546,536,537,0.2511224332380341,2024.8878885803222,2024.8878885803222,42.314538402968154,-72.37643844201,42.26071927815549,-71.80589126372026,northeast-us,northeast-us,scav,gds,EPI_ISL_19809230|A/bufflehead/USA/007118-044/2025|H5N5|North_America|2025-02-08|wild_avian|A6
547,536,538,0.2511224332380341,2024.8878885803222,2024.8878885803222,42.314538402968154,-72.37643844201,42.028158776702114,-71.38052716817431,northeast-us,northeast-us,scav,scav,
548,538,539,0.13229005481773926,2025.02017863514,2025.02017863514,42.028158776702114,-71.38052716817431,41.636110999999815,-70.93472199999957,northeast-us,northeast-us,scav,scav,24WP00294|A/black_vulture/MA/24WP00294/2025|H5N5|North_America|2025-02-27|wild_avian|A6
549,538,540,0.13229005481773926,2025.02017863514,2025.02017863514,42.028158776702114,-71.38052716817431,42.26199925321569,-71.80899664873158,northeast-us,northeast-us,scav,scav,EPI_ISL_20145170|A/black_vulture/USA/021407-019/2025|H5N5|North_America|2025-02-27|wild_avian|A6
550,542,578,0.647106161146702,2023.6406979802807,2023.6406979802807,37.541894898272595,125.74595045627343,36.4306863733042,133.14671496918183,asia,asia,scav,scav,
551,542,543,0.647106161146702,2023.6406979802807,2023.6406979802807,37.541894898272595,125.74595045627343,36.252002979007415,135.45201933949124,asia,asia,scav,scav,
552,543,544,0.09783651693334754,2023.7848431030802,2023.7848431030802,36.252002979007415,135.45201933949124,35.99268608940715,137.99307991667885,asia,asia,scav,scav,
553,543,547,0.09783651693334754,2023.7848431030802,2023.7848431030802,36.252002979007415,135.45201933949124,36.000677698240295,137.6514079159664,asia,asia,scav,scav,
554,544,545,0.16214841609324074,2023.9469372610986,2023.9469372610986,35.99268608940715,137.99307991667885,35.99975260482653,137.99959586597765,asia,asia,scav,scav,EPI_ISL_18838019|A/large-billed_crow/Hokkaido/0112F066C/2023|H5N5|Asia|2023-12-19|wild_avian|A6
555,544,546,0.16214841609324074,2023.9469372610986,2023.9469372610986,35.99268608940715,137.99307991667885,36.0002965704382,137.9996932791131,asia,asia,scav,scav,EPI_ISL_18837770|A/large-billed_crow/Hokkaido/0112F066T/2023|H5N5|Asia|2023-12-19|wild_avian|A6
556,547,577,0.13227687357525222,2023.9171790264277,2023.9171790264277,36.000677698240295,137.6514079159664,35.99663610491605,138.002544521956,asia,asia,scav,scav,EPI_ISL_18830860|A/crow/Hokkaido/B075/2024|H5N5|Asia|2024-01-11|wild_avian|A6
557,547,548,0.13227687357525222,2023.9171790264277,2023.9171790264277,36.000677698240295,137.6514079159664,35.9098650599604,137.94903230746255,asia,asia,scav,scav,
558,548,576,0.019337137387851214,2023.9332611303164,2023.9332611303164,35.9098650599604,137.94903230746255,35.999738748622455,137.9978165674714,asia,asia,scav,scav,EPI_ISL_18792212|A/large-billed_crow/Hokkaido/B073/2024|H5N5|Asia|2024-01-08|wild_avian|A6
559,548,549,0.019337137387851214,2023.9332611303164,2023.9332611303164,35.9098650599604,137.94903230746255,36.02232725680481,137.89763364148388,asia,asia,scav,scav,
560,549,550,0.03363798036872859,2023.9539126961834,2023.9539126961834,36.02232725680481,137.89763364148388,35.96239378091724,138.03409806502626,asia,asia,scav,scav,
561,549,555,0.03363798036872859,2023.9539126961834,2023.9539126961834,36.02232725680481,137.89763364148388,36.005249452585375,138.09020443891913,asia,asia,scav,scav,
562,550,554,0.02411090060338135,2023.9904965831518,2023.9904965831518,35.96239378091724,138.03409806502626,35.99790347065675,137.99806208416828,asia,asia,scav,scav,EPI_ISL_18830859|A/large-billed_crow/Hokkaido/B074/2024|H5N5|Asia|2024-01-09|wild_avian|A6
563,550,551,0.02411090060338135,2023.9904965831518,2023.9904965831518,35.96239378091724,138.03409806502626,35.99703800197642,138.00465450379886,asia,asia,scav,scav,
564,551,552,0.059576116819089864,2024.0238766844082,2024.0238766844082,35.99703800197642,138.00465450379886,36.00118750578231,137.9975823086344,asia,asia,scav,scav,EPI_ISL_19385179|A/large-billed_crow/Hokkaido/B107/2024|H5N5|Asia|2024-02-20|wild_avian|A6
565,551,553,0.059576116819089864,2024.0238766844082,2024.0238766844082,35.99703800197642,138.00465450379886,36.00124329725912,137.998845409194,asia,asia,scav,scav,EPI_ISL_18968546|A/large-billed_crow/Hokkaido/B082/2024|H5N5|Asia|2024-02-05|wild_avian|A6
566,555,575,0.05329861808769857,2024.0171992900366,2024.0171992900366,36.005249452585375,138.09020443891913,36.00382708764955,138.00140720259668,asia,asia,scav,scav,EPI_ISL_19033207|A/large-billed_crow/Hokkaido/B104/2024|H5N5|Asia|2024-02-20|wild_avian|A6
567,555,556,0.05329861808769857,2024.0171992900366,2024.0171992900366,36.005249452585375,138.09020443891913,36.135367621596615,137.82085324369666,asia,asia,scav,scav,
568,556,557,0.012681715660598019,2024.037933365028,2024.037933365028,36.135367621596615,137.82085324369666,35.97461432545838,137.92225158998642,asia,asia,scav,scav,
569,556,560,0.012681715660598019,2024.037933365028,2024.037933365028,36.135367621596615,137.82085324369666,35.949743871346634,138.05383884448088,asia,asia,scav,scav,
570,557,558,0.026497025884962385,2024.0836007977346,2024.0836007977346,35.97461432545838,137.92225158998642,35.999379334802356,137.99978050421043,asia,asia,scav,scav,EPI_ISL_19385178|A/large-billed_crow/Hokkaido/B105/2024|H5N5|Asia|2024-02-19|wild_avian|A6
571,557,559,0.026497025884962385,2024.0836007977346,2024.0836007977346,35.97461432545838,137.92225158998642,36.00158689676248,138.00151068971434,asia,asia,scav,scav,EPI_ISL_19033208|A/large-billed_crow/Hokkaido/B106/2024|H5N5|Asia|2024-02-19|wild_avian|A6
572,560,574,0.02924487599191028,2024.0541838269112,2024.0541838269112,35.949743871346634,138.05383884448088,35.999663431349845,137.99968976445248,asia,asia,scav,scav,EPI_ISL_19385478|A/large-billed_crow/Hokkaido/B108/2024|H5N5|Asia|2024-02-21|wild_avian|A6
573,560,561,0.02924487599191028,2024.0541838269112,2024.0541838269112,35.949743871346634,138.05383884448088,36.01407769403541,137.98785158414282,asia,asia,scav,scav,
574,561,573,0.034219927250326805,2024.0798283467086,2024.0798283467086,36.01407769403541,137.98785158414282,35.99989336655071,137.99850341292222,asia,asia,scav,scav,EPI_ISL_19033209|A/large-billed_crow/Hokkaido/B112/2024|H5N5|Asia|2024-02-23|wild_avian|A6
575,561,562,0.034219927250326805,2024.0798283467086,2024.0798283467086,36.01407769403541,137.98785158414282,36.00065643223806,138.00031490615356,asia,asia,scav,scav,
576,562,572,0.025044005605994204,2024.0971322803964,2024.0971322803964,36.00065643223806,138.00031490615356,35.998983152773945,137.9973009999824,asia,asia,scav,scav,EPI_ISL_19385627|A/large-billed_crow/Hokkaido/B115/2024|H5N5|Asia|2024-02-26|wild_avian|A6
577,562,563,0.025044005605994204,2024.0971322803964,2024.0971322803964,36.00065643223806,138.00031490615356,36.015748338214706,137.96777377214872,asia,asia,scav,scav,
578,563,571,0.028349503845674705,2024.124334426757,2024.124334426757,36.015748338214706,137.96777377214872,36.000860040971354,137.99877502575828,asia,asia,scav,scav,EPI_ISL_19385629|A/large-billed_crow/Hokkaido/B119/2024|H5N5|Asia|2024-03-15|wild_avian|A6
579,563,564,0.028349503845674705,2024.124334426757,2024.124334426757,36.015748338214706,137.96777377214872,35.994230310282575,137.98591644888666,asia,asia,scav,scav,
580,564,565,0.031700472028689274,2024.154109641614,2024.154109641614,35.994230310282575,137.98591644888666,36.00047970078583,138.00024763058207,asia,asia,scav,scav,EPI_ISL_19055087|A/large-billed_crow/Hokkaido/B120/2024|H5N5|Asia|2024-03-16|wild_avian|A6
581,564,566,0.031700472028689274,2024.154109641614,2024.154109641614,35.994230310282575,137.98591644888666,36.00826461178115,137.9952821783821,asia,asia,scav,scav,
582,566,570,0.023604652651407643,2024.16899644857,2024.16899644857,36.00826461178115,137.9952821783821,35.999002021468286,138.00185912785417,asia,asia,scav,scav,EPI_ISL_19385628|A/large-billed_crow/Hokkaido/B117/2024|H5N5|Asia|2024-03-13|wild_avian|A6
583,566,567,0.023604652651407643,2024.16899644857,2024.16899644857,36.00826461178115,137.9952821783821,35.99693998339083,138.00315836130488,asia,asia,scav,scav,
584,567,569,0.043380584564339256,2024.2078560937287,2024.2078560937287,35.99693998339083,138.00315836130488,35.99895117171165,138.00291667756582,asia,asia,scav,scav,EPI_ISL_19174744|A/large-billed_crow/Hokkaido/B157/2024|H5N5|Asia|2024-04-30|wild_avian|A6
585,567,568,0.043380584564339256,2024.2078560937287,2024.2078560937287,35.99693998339083,138.00315836130488,36.00164288376579,138.00069581870184,asia,asia,scav,scav,EPI_ISL_19139304|A/large-billed_crow/Hokkaido/0103B118/2024|H5N5|Asia|2024-03-25|wild_avian|A6
586,578,592,0.07903779282378168,2023.7296912161935,2023.7296912161935,36.4306863733042,133.14671496918183,36.004986549422185,137.5633464204855,asia,asia,scav,scav,
587,578,579,0.07903779282378168,2023.7296912161935,2023.7296912161935,36.4306863733042,133.14671496918183,36.318995812663374,135.4228885943798,asia,asia,scav,scav,
588,579,589,0.07286010906152081,2023.7706744095653,2023.7706744095653,36.318995812663374,135.4228885943798,36.001516521827426,137.89783425980835,asia,asia,scav,scav,
589,579,580,0.07286010906152081,2023.7706744095653,2023.7706744095653,36.318995812663374,135.4228885943798,36.043887835395246,137.67530698478163,asia,asia,scav,scav,
590,580,581,0.28926182942612555,2024.0175777351847,2024.0175777351847,36.043887835395246,137.67530698478163,36.005641774241255,138.02116037913262,asia,asia,scav,scav,
591,580,584,0.28926182942612555,2024.0175777351847,2024.0175777351847,36.043887835395246,137.67530698478163,36.01599088148797,137.91512346605947,asia,asia,scav,scav,
592,581,582,0.03996641037128227,2024.0759697317162,2024.0759697317162,36.005641774241255,138.02116037913262,36.002211763776245,137.9994553357275,asia,asia,scav,scav,EPI_ISL_19385177|A/large-billed_crow/Hokkaido/B092/2024|H5N5|Asia|2024-02-07|wild_avian|A6
593,581,583,0.03996641037128227,2024.0759697317162,2024.0759697317162,36.005641774241255,138.02116037913262,35.995973703443795,138.00001371211263,asia,asia,scav,scav,EPI_ISL_19385176|A/large-billed_crow/Hokkaido/B089/2024|H5N5|Asia|2024-02-07|wild_avian|A6
594,584,585,0.035674235585519326,2024.0567200138005,2024.0567200138005,36.01599088148797,137.91512346605947,36.003029638647476,138.0008031771266,asia,asia,scav,scav,EPI_ISL_18968547|A/large-billed_crow/Hokkaido/B090/2024|H5N5|Asia|2024-02-07|wild_avian|A6
595,584,586,0.035674235585519326,2024.0567200138005,2024.0567200138005,36.01599088148797,137.91512346605947,35.99510307928924,137.9863845106441,asia,asia,scav,scav,
596,586,587,0.031936432440629374,2024.0781713835527,2024.0781713835527,35.99510307928924,137.9863845106441,36.000502682126466,137.9997598047085,asia,asia,scav,scav,EPI_ISL_18968550|A/large-billed_crow/Hokkaido/B098/2024|H5N5|Asia|2024-02-13|wild_avian|A6
597,586,588,0.031936432440629374,2024.0781713835527,2024.0781713835527,35.99510307928924,137.9863845106441,36.00002658649742,138.0006970009687,asia,asia,scav,scav,EPI_ISL_18968549|A/crow/Hokkaido/B094/2024|H5N5|Asia|2024-02-09|wild_avian|A6
598,589,590,0.18145627910858486,2023.9276275331408,2023.9276275331408,36.001516521827426,137.89783425980835,36.00054879632812,137.9998790338151,asia,asia,scav,scav,EPI_ISL_19139300|A/large-billed_crow/Iwate/0303G014/2024|H5N5|Asia|2024-03-19|wild_avian|A6
599,589,591,0.18145627910858486,2023.9276275331408,2023.9276275331408,36.001516521827426,137.89783425980835,35.998863084068056,137.99847308582744,asia,asia,scav,scav,EPI_ISL_19385175|A/large-billed_crow/Hokkaido/B088/2024|H5N5|Asia|2024-02-07|wild_avian|A6
600,592,600,0.3266276164962458,2024.0597410317496,2024.0597410317496,36.004986549422185,137.5633464204855,36.01173535684105,138.01012709719922,asia,asia,scav,scav,
601,592,593,0.3266276164962458,2024.0597410317496,2024.0597410317496,36.004986549422185,137.5633464204855,36.02165140972668,137.81958650055012,asia,asia,scav,scav,
602,593,599,0.05473794555458464,2024.1031549403226,2024.1031549403226,36.02165140972668,137.81958650055012,35.99973240695031,138.00049639938513,asia,asia,scav,scav,EPI_ISL_19055420|A/large-billed_crow/Iwate/0303G001/2024|H5N5|Asia|2024-03-01|wild_avian|A6
603,593,594,0.05473794555458464,2024.1031549403226,2024.1031549403226,36.02165140972668,137.81958650055012,36.00536777792706,137.99996575262873,asia,asia,scav,scav,
604,594,598,0.035427061615282515,2024.123500588254,2024.123500588254,36.00536777792706,137.99996575262873,35.9998070253246,138.00061058024775,asia,asia,scav,scav,EPI_ISL_19055418|A/large-billed_crow/Iwate/0302G005/2024|H5N5|Asia|2024-02-29|wild_avian|A6
605,594,595,0.035427061615282515,2024.123500588254,2024.123500588254,36.00536777792706,137.99996575262873,36.00142422572114,138.00796976033178,asia,asia,scav,scav,
606,595,597,0.036144677606303244,2024.1430907507793,2024.1430907507793,36.00142422572114,138.00796976033178,35.997709981432365,137.9996005057676,asia,asia,scav,scav,EPI_ISL_19055419|A/large-billed_crow/Iwate/0302G006/2024|H5N5|Asia|2024-02-29|wild_avian|A6
607,595,596,0.036144677606303244,2024.1430907507793,2024.1430907507793,36.00142422572114,138.00796976033178,35.99711702008482,138.00204312891591,asia,asia,scav,scav,EPI_ISL_19055417|A/large-billed_crow/Iwate/0302G004/2024|H5N5|Asia|2024-02-28|wild_avian|A6
608,600,604,0.05706832067194621,2024.1420297649543,2024.1420297649543,36.01173535684105,138.01012709719922,36.00167295030936,138.00054552954117,asia,asia,scav,scav,EPI_ISL_19496992|A/large-billed_crow/Iwate/0303G006/2024|H5N5|Asia|2024-03-06|wild_avian|A6
609,600,601,0.05706832067194621,2024.1420297649543,2024.1420297649543,36.01173535684105,138.01012709719922,36.00402693810335,137.99166757517926,asia,asia,scav,scav,
610,601,603,0.019912901542093332,2024.1624128166468,2024.1624128166468,36.00402693810335,137.99166757517926,35.99739673521081,138.00081647564627,asia,asia,scav,scav,EPI_ISL_19496994|A/large-billed_crow/Iwate/0303G007/2024|H5N5|Asia|2024-03-08|wild_avian|A6
611,601,602,0.019912901542093332,2024.1624128166468,2024.1624128166468,36.00402693810335,137.99166757517926,36.00163282352421,137.99677523829442,asia,asia,scav,scav,EPI_ISL_19496991|A/large-billed_crow/Iwate/0303G005/2024|H5N5|Asia|2024-03-05|wild_avian|A6
612,606,607,0.09845970811013402,2022.3606099738768,2022.3606099738768,63.98671973592119,12.308755768801102,63.991976982443255,12.308180181025614,europe,europe,seab,seab,EPI_ISL_18856077|A/Common_gull/Norway/2022-07-1140-1/2022|H5N5|Europe|2022-06-15|wild_avian|A6
613,606,608,0.09845970811013402,2022.3606099738768,2022.3606099738768,63.98671973592119,12.308755768801102,63.99077609742823,12.306021645712496,europe,europe,seab,seab,EPI_ISL_18455200|A/European_herring_gull/Norway/2022-07-1141-1T/2022|H5N5|Europe|2022-06-15|wild_avian|A6
614,612,614,0.06327143872357863,2021.9666939602796,2021.9666939602796,64.07214568414412,13.470426864309298,64.84067720333609,25.572456882674192,europe,europe,bdpr,bdpr,EPI_ISL_19711785|A/white-tailed_eagle/Finland/8258/2022|H5N5|Europe|2022-09-18|wild_avian|A6
615,612,613,0.06327143872357863,2021.9666939602796,2021.9666939602796,64.07214568414412,13.470426864309298,63.98940376079404,12.309468758424268,europe,europe,bdpr,bdpr,EPI_ISL_18901640|A/White-tailed_eagle/Norway/2022-07-196-1/2022|H5N5|Europe|2022-03-25|wild_avian|A6
616,615,616,0.14448319186604652,2021.910473009242,2021.910473009242,63.80422809569206,2.379933445617649,69.74965703154646,13.625285974763354,europe,europe,seab,seab,
617,615,633,0.14448319186604652,2021.910473009242,2021.910473009242,63.80422809569206,2.379933445617649,48.77663346757049,-48.03016731220622,europe,east-canada,seab,seab,
618,616,617,0.27883403894349806,2022.1677161912023,2022.1677161912023,69.74965703154646,13.625285974763354,72.66350808410803,16.65440712904291,europe,europe,seab,seab,
619,616,624,0.27883403894349806,2022.1677161912023,2022.1677161912023,69.74965703154646,13.625285974763354,70.15798156852753,14.783926892062274,europe,europe,seab,seab,
620,617,623,0.078301451240235,2022.31046616271,2022.31046616271,72.66350808410803,16.65440712904291,46.23459371863018,-63.127155461632704,europe,east-canada,seab,bdpr,EPI_ISL_18702958|A/Red-Tailed_Hawk/PEI/FAV-0165-1/2023|H5N5|North_America|2023-04-15|wild_avian|A6
621,617,618,0.078301451240235,2022.31046616271,2022.31046616271,72.66350808410803,16.65440712904291,73.1558795483006,16.688651785817378,europe,europe,seab,seab,
622,618,619,0.04076780708231272,2022.320954397316,2022.320954397316,73.1558795483006,16.688651785817378,63.991066951232156,12.309642633158848,europe,europe,seab,seab,EPI_ISL_18455201|A/Great_black-backed_gull/Norway/2022-07-1141-4T/2022|H5N5|Europe|2022-06-15|wild_avian|A6
623,618,620,0.04076780708231272,2022.320954397316,2022.320954397316,73.1558795483006,16.688651785817378,78.59702730037793,21.950687866438425,europe,europe,seab,seab,
624,620,622,0.10926182348593493,2022.4267406363508,2022.4267406363508,78.59702730037793,21.950687866438425,78.63616972161329,21.993930042008166,europe,europe,seab,seab,EPI_ISL_18963363|A/Glaucous_gull/Norway/2022-07-1148-S_/2022|H5N5|Europe|2022-06-17|wild_avian|A6
625,620,621,0.10926182348593493,2022.4267406363508,2022.4267406363508,78.59702730037793,21.950687866438425,78.63684753930409,21.993018264566977,europe,europe,seab,seab,EPI_ISL_18454937|A/Glaucous_gull/Norway/2022-07-1148/2022|H5N5|Europe|2022-06-13|wild_avian|A6
626,624,632,0.06406982921888843,2022.2518287500343,2022.2518287500343,70.15798156852753,14.783926892062274,63.9913770809258,12.306964647541754,europe,europe,seab,seab,EPI_ISL_18855701|A/Common_gull/Norway/2022-07-897-3/2022|H5N5|Europe|2022-05-30|wild_avian|A6
627,624,625,0.06406982921888843,2022.2518287500343,2022.2518287500343,70.15798156852753,14.783926892062274,71.29442831765526,15.937552141980781,europe,europe,seab,seab,
628,625,626,0.024095034214713932,2022.2762067412418,2022.2762067412418,71.29442831765526,15.937552141980781,78.63808005953835,21.992115414271073,europe,europe,seab,seab,EPI_ISL_18963365|A/Great_skua/Norway/2022-07-1486-4/2022|H5N5|Europe|2022-07-07|wild_avian|A6
629,625,627,0.024095034214713932,2022.2762067412418,2022.2762067412418,71.29442831765526,15.937552141980781,69.8452200220571,15.089016423402855,europe,europe,seab,seab,
630,627,628,0.06543862222048817,2022.2791663723592,2022.2791663723592,69.8452200220571,15.089016423402855,78.6330821191559,21.995900814508676,europe,europe,seab,seab,EPI_ISL_18963364|A/Great_skua/Norway/2022-07-1486-3/2022|H5N5|Europe|2022-07-07|wild_avian|A6
631,627,629,0.06543862222048817,2022.2791663723592,2022.2791663723592,69.8452200220571,15.089016423402855,68.21962080550995,14.539715750563664,europe,europe,seab,seab,
632,629,631,0.08929660483695667,2022.3682916617279,2022.3682916617279,68.21962080550995,14.539715750563664,78.63303079500493,21.99597704443992,europe,europe,seab,seab,EPI_ISL_18877922|A/Great_skua/Norway/2022-07-1486-1/2022|H5N5|Europe|2022-06-26|wild_avian|A6
633,629,630,0.08929660483695667,2022.3682916617279,2022.3682916617279,68.21962080550995,14.539715750563664,63.990023036476416,12.308368397213608,europe,europe,seab,seab,EPI_ISL_18855708|A/Herring_gull/Norway/2022-07-897-4/2022|H5N5|Europe|2022-05-30|wild_avian|A6
634,633,713,0.4846304235680875,2022.3523728259786,2022.3523728259786,48.77663346757049,-48.03016731220622,46.35431275538747,-57.622838244022255,east-canada,east-canada,seab,seab,
635,633,634,0.4846304235680875,2022.3523728259786,2022.3523728259786,48.77663346757049,-48.03016731220622,45.73811751560769,-56.48855140925998,east-canada,east-canada,seab,seab,
636,634,635,0.15761968657084782,2022.5099925125494,2022.5099925125494,45.73811751560769,-56.48855140925998,44.29590175962185,-59.788814959794,east-canada,east-canada,seab,seab,
637,634,664,0.15761968657084782,2022.5099925125494,2022.5099925125494,45.73811751560769,-56.48855140925998,45.335679575745935,-58.47523689732573,east-canada,east-canada,seab,seab,
638,635,636,0.16864510775137656,2022.733144617329,2022.733144617329,44.29590175962185,-59.788814959794,43.9297958157267,-59.91451046871396,east-canada,east-canada,seab,seab,EPI_ISL_18702986|A/Northern_Fulmar/NS/FAV-0264-7/2023|H5N5|North_America|2023-03-02|wild_avian|A6
639,635,637,0.16864510775137656,2022.733144617329,2022.733144617329,44.29590175962185,-59.788814959794,44.439694492869094,-60.20344844913863,east-canada,east-canada,seab,seab,
640,637,663,0.05907497384283875,2022.7898789569663,2022.7898789569663,44.439694492869094,-60.20344844913863,46.11641000000003,-62.53762999999931,east-canada,east-canada,seab,mammal,EPI_ISL_18702961|A/Striped_Skunk/PEI/FAV-0210-1/2023|H5N5|North_America|2023-05-16|nonhuman_mammal|A6
641,637,638,0.05907497384283875,2022.7898789569663,2022.7898789569663,44.439694492869094,-60.20344844913863,44.28900170583345,-60.41915534130542,east-canada,east-canada,seab,seab,
642,638,662,0.01120210627262244,2022.8768197135619,2022.8768197135619,44.28900170583345,-60.41915534130542,43.93017243583735,-59.917785390948445,east-canada,east-canada,seab,seab,EPI_ISL_18702977|A/Black-Legged_Kittiwake/NS/FAV-0264-11/2023|H5N5|North_America|2023-03-21|wild_avian|A6
643,638,639,0.01120210627262244,2022.8768197135619,2022.8768197135619,44.28900170583345,-60.41915534130542,44.91594034092112,-61.47188695481492,east-canada,east-canada,seab,seab,
644,639,640,0.043411058004056036,2022.8826899665396,2022.8826899665396,44.91594034092112,-61.47188695481492,45.04083714025245,-62.338228378667324,east-canada,east-canada,seab,seab,
645,639,645,0.043411058004056036,2022.8826899665396,2022.8826899665396,44.91594034092112,-61.47188695481492,44.773441817879856,-61.47117404733755,east-canada,east-canada,seab,seab,
646,640,644,0.11053527086639224,2022.993804705625,2022.993804705625,45.04083714025245,-62.338228378667324,44.601180000000156,-63.56124999999926,east-canada,east-canada,seab,mammal,EPI_ISL_18702989|A/Red_Fox/NS/FAV-0265-1/2023|H5N5|North_America|2023-05-09|nonhuman_mammal|A6
647,640,641,0.11053527086639224,2022.993804705625,2022.993804705625,45.04083714025245,-62.338228378667324,45.13594889410705,-62.29598816699085,east-canada,east-canada,seab,seab,
648,641,643,0.03486424231406584,2023.015207789621,2023.015207789621,45.13594889410705,-62.29598816699085,43.93318381261902,-59.91527635260413,east-canada,east-canada,seab,seab,EPI_ISL_18702979|A/Northern_Fulmar/NS/FAV-0264-13/2023|H5N5|North_America|2023-04-29|wild_avian|A6
649,641,642,0.03486424231406584,2023.015207789621,2023.015207789621,45.13594889410705,-62.29598816699085,46.229639999999975,-63.217969999999504,east-canada,east-canada,seab,scav,EPI_ISL_18702957|A/American_Crow/PEI/FAV-0144-1/2023|H5N5|North_America|2023-03-03|wild_avian|A6
650,645,659,0.042443161804795224,2022.9245016436462,2022.9245016436462,44.773441817879856,-61.47117404733755,43.98491112806093,-59.9895039972797,east-canada,east-canada,seab,seab,
651,645,646,0.042443161804795224,2022.9245016436462,2022.9245016436462,44.773441817879856,-61.47117404733755,45.09505593180981,-61.590984883217715,east-canada,east-canada,seab,seab,
652,646,647,0.022065483691123978,2022.938200231494,2022.938200231494,45.09505593180981,-61.590984883217715,46.341388102593484,-63.68677211687694,east-canada,east-canada,seab,scav,
653,646,652,0.022065483691123978,2022.938200231494,2022.938200231494,45.09505593180981,-61.590984883217715,43.981207193900424,-60.0458032983307,east-canada,east-canada,seab,seab,
654,647,648,0.11848217910965461,2023.0563607341378,2023.0563607341378,46.341388102593484,-63.68677211687694,46.39412665761617,-63.790629852901404,east-canada,east-canada,scav,scav,EPI_ISL_18702955|A/American_Crow/PEI/FAV-0068-9/2023|H5N5|North_America|2023-01-31|wild_avian|A6
655,647,649,0.11848217910965461,2023.0563607341378,2023.0563607341378,46.341388102593484,-63.68677211687694,46.39912470903421,-63.7938414261325,east-canada,east-canada,scav,scav,
656,649,650,0.014478975131878496,2023.0710479109862,2023.0710479109862,46.39912470903421,-63.7938414261325,46.39403946561629,-63.79147702325391,east-canada,east-canada,scav,scav,EPI_ISL_18702954|A/American_Crow/PEI/FAV-0068-8/2023|H5N5|North_America|2023-01-31|wild_avian|A6
657,649,651,0.014478975131878496,2023.0710479109862,2023.0710479109862,46.39912470903421,-63.7938414261325,46.39264155649901,-63.78839448816225,east-canada,east-canada,scav,scav,EPI_ISL_18702953|A/American_Crow/PEI/FAV-0068-3/2023|H5N5|North_America|2023-01-31|wild_avian|A6
658,652,653,0.17026002723521852,2023.1126828825277,2023.1126828825277,43.981207193900424,-60.0458032983307,43.9609718984183,-59.90521220032194,east-canada,east-canada,seab,seab,
659,652,656,0.17026002723521852,2023.1126828825277,2023.1126828825277,43.981207193900424,-60.0458032983307,43.92626416439387,-59.89842474672944,east-canada,east-canada,seab,seab,
660,653,654,0.033333359294147685,2023.1466698169293,2023.1466698169293,43.9609718984183,-59.90521220032194,43.93302189280123,-59.91662941674029,east-canada,east-canada,seab,seab,EPI_ISL_18702991|A/Northern_Fulmar/NS/FAV-0406-3/2023|H5N5|North_America|2023-05-15|wild_avian|A6
661,653,655,0.033333359294147685,2023.1466698169293,2023.1466698169293,43.9609718984183,-59.90521220032194,43.93238666544306,-59.91519331676035,east-canada,east-canada,seab,seab,EPI_ISL_18702976|A/Northern_Fulmar/NS/FAV-0264-10/2023|H5N5|North_America|2023-03-28|wild_avian|A6
662,656,657,0.062068842046942505,2023.1980205130046,2023.1980205130046,43.92626416439387,-59.89842474672944,43.934324275925874,-59.91823964746196,east-canada,east-canada,seab,seab,EPI_ISL_18702969|A/Great_Black-Backed_Gull/NS/FAV-0263-4/2023|H5N5|North_America|2023-04-14|wild_avian|A6
663,656,658,0.062068842046942505,2023.1980205130046,2023.1980205130046,43.92626416439387,-59.89842474672944,43.930438921065075,-59.91543819115891,east-canada,east-canada,seab,seab,EPI_ISL_18702968|A/Great_Black-Backed_Gull/NS/FAV-0263-3/2023|H5N5|North_America|2023-04-14|wild_avian|A6
664,659,661,0.0636374456728709,2023.0045236130659,2023.0045236130659,43.98491112806093,-59.9895039972797,43.93220287176665,-59.92018943127152,east-canada,east-canada,seab,seab,EPI_ISL_18702987|A/Northern_Fulmar/NS/FAV-0264-8/2023|H5N5|North_America|2023-03-21|wild_avian|A6
665,659,660,0.0636374456728709,2023.0045236130659,2023.0045236130659,43.98491112806093,-59.9895039972797,43.93297605584541,-59.919092084262026,east-canada,east-canada,seab,seab,EPI_ISL_18702983|A/Northern_Fulmar/NS/FAV-0264-4/2023|H5N5|North_America|2023-02-16|wild_avian|A6
666,664,665,0.05438710266443206,2022.5550644473049,2022.5550644473049,45.335679575745935,-58.47523689732573,44.757428429323795,-59.529336826782114,east-canada,east-canada,seab,seab,
667,664,684,0.05438710266443206,2022.5550644473049,2022.5550644473049,45.335679575745935,-58.47523689732573,44.774240975810315,-59.040022062830914,east-canada,east-canada,seab,seab,
668,665,666,0.05761608997532705,2022.6452013377072,2022.6452013377072,44.757428429323795,-59.529336826782114,45.99640819384597,-62.51350623876831,east-canada,east-canada,seab,mammal,
669,665,669,0.05761608997532705,2022.6452013377072,2022.6452013377072,44.757428429323795,-59.529336826782114,44.315784965519285,-59.87628342900973,east-canada,east-canada,seab,seab,
670,666,667,0.6089293848649586,2023.2274535463198,2023.2274535463198,45.99640819384597,-62.51350623876831,46.002679520885,-62.52238126172103,east-canada,east-canada,mammal,mammal,EPI_ISL_18702965|A/Raccoon/PEI/FAV-0244-1/2023|H5N5|North_America|2023-04-18|nonhuman_mammal|A6
671,666,668,0.6089293848649586,2023.2274535463198,2023.2274535463198,45.99640819384597,-62.51350623876831,46.00820592841789,-62.5223515257665,east-canada,east-canada,mammal,mammal,EPI_ISL_18702966|A/Raccoon/PEI/FAV-0247-1/2023|H5N5|North_America|2023-04-18|nonhuman_mammal|A6
672,669,683,0.09343500464212033,2022.6909148193567,2022.6909148193567,44.315784965519285,-59.87628342900973,43.933695430989246,-59.92025826532268,east-canada,east-canada,seab,seab,EPI_ISL_18702982|A/Northern_Fulmar/NS/FAV-0264-3/2023|H5N5|North_America|2023-02-16|wild_avian|A6
673,669,670,0.09343500464212033,2022.6909148193567,2022.6909148193567,44.315784965519285,-59.87628342900973,44.10861562901543,-60.154307841969334,east-canada,east-canada,seab,seab,
674,670,671,0.044618155889126536,2022.7244641609511,2022.7244641609511,44.10861562901543,-60.154307841969334,44.08319127971295,-59.96317784665084,east-canada,east-canada,seab,seab,
675,670,676,0.044618155889126536,2022.7244641609511,2022.7244641609511,44.10861562901543,-60.154307841969334,44.0187058634862,-61.46388732880855,east-canada,east-canada,seab,seab,
676,671,672,0.2314187393104784,2022.9613109565544,2022.9613109565544,44.08319127971295,-59.96317784665084,43.930690100069675,-59.91734178977794,east-canada,east-canada,seab,seab,EPI_ISL_18702984|A/Northern_Fulmar/NS/FAV-0264-5/2023|H5N5|North_America|2023-02-16|wild_avian|A6
677,671,673,0.2314187393104784,2022.9613109565544,2022.9613109565544,44.08319127971295,-59.96317784665084,44.38153690049356,-60.55601606206108,east-canada,east-canada,seab,seab,
678,673,674,0.2704668623092711,2023.2317778188635,2023.2317778188635,44.38153690049356,-60.55601606206108,45.101499999999874,-61.543039999998925,east-canada,east-canada,seab,seab,EPI_ISL_18702962|A/Herring_Gull/NS/FAV-0231-1/2023|H5N5|North_America|2023-06-02|wild_avian|A6
679,673,675,0.2704668623092711,2023.2317778188635,2023.2317778188635,44.38153690049356,-60.55601606206108,43.93488298642448,-59.91451356961819,east-canada,east-canada,seab,seab,EPI_ISL_18702990|A/Northern_Fulmar/NS/FAV-0406-2/2023|H5N5|North_America|2023-05-15|wild_avian|A6
680,676,682,0.12823759102720564,2022.8488024322676,2022.8488024322676,44.0187058634862,-61.46388732880855,43.93365674991669,-59.914842898665945,east-canada,east-canada,seab,seab,EPI_ISL_18702971|A/Herring_Gull/NS/FAV-0263-6/2023|H5N5|North_America|2023-04-13|wild_avian|A6
681,676,677,0.12823759102720564,2022.8488024322676,2022.8488024322676,44.0187058634862,-61.46388732880855,44.175842357064575,-64.63281623300072,east-canada,east-canada,seab,seab,
682,677,678,0.11271350016719019,2022.9615159324348,2022.9615159324348,44.175842357064575,-64.63281623300072,45.26640243509534,-66.0650405816,east-canada,east-canada,seab,scav,EPI_ISL_18702956|A/American_Crow/NB/FAV-0095-1/2023|H5N5|North_America|2023-02-02|wild_avian|A6
683,677,679,0.11271350016719019,2022.9615159324348,2022.9615159324348,44.175842357064575,-64.63281623300072,42.88158008010925,-66.36414542933348,east-canada,east-canada,seab,seab,
684,679,680,0.10568017517870779,2023.0671961076134,2023.0671961076134,42.88158008010925,-66.36414542933348,43.93070064911875,-59.917775836748724,east-canada,east-canada,seab,seab,EPI_ISL_18702975|A/Northern_Fulmar/NS/FAV-0264-1/2023|H5N5|North_America|2023-02-16|wild_avian|A6
685,679,681,0.10568017517870779,2023.0671961076134,2023.0671961076134,42.88158008010925,-66.36414542933348,41.83267491200594,-69.97489155379911,east-canada,northeast-us,seab,seab,EPI_ISL_19736914|A/great_black-backed_gull/Massachusetts/015884-003/2023|H5N5|North_America|2023-02-08|wild_avian|A6
686,684,685,0.054617523316143037,2022.6231250894157,2022.6231250894157,44.774240975810315,-59.040022062830914,45.574750344193944,-55.41833798210077,east-canada,east-canada,seab,seab,
687,684,688,0.054617523316143037,2022.6231250894157,2022.6231250894157,44.774240975810315,-59.040022062830914,44.80482573328578,-60.20476761078183,east-canada,east-canada,seab,seab,
688,685,687,0.21889146523530129,2022.8380639836887,2022.8380639836887,45.574750344193944,-55.41833798210077,43.93521786825021,-59.918320242622414,east-canada,east-canada,seab,seab,EPI_ISL_18702992|A/Herring_Gull/NS/FAV-0406-4/2023|H5N5|North_America|2023-05-16|wild_avian|A6
689,685,686,0.21889146523530129,2022.8380639836887,2022.8380639836887,45.574750344193944,-55.41833798210077,63.99048932650243,12.307288460831712,east-canada,europe,seab,bdpr,EPI_ISL_18851332|A/Northern_goshawk/Norway/2023-07-184-1/2023|H5N5|Europe|2023-03-13|wild_avian|A6
690,688,712,0.14626561386527448,2022.72660327693,2022.72660327693,44.80482573328578,-60.20476761078183,78.63423156781045,21.992976302817375,east-canada,europe,seab,seab,EPI_ISL_18963370|A/Glaucous_gull/Norway/2023-07-1149/2023|H5N5|Europe|2023-06-20|wild_avian|A6
691,688,689,0.14626561386527448,2022.72660327693,2022.72660327693,44.80482573328578,-60.20476761078183,44.67100840950466,-60.58234638048409,east-canada,east-canada,seab,seab,
692,689,709,0.031460857879693,2022.7526124912026,2022.7526124912026,44.67100840950466,-60.58234638048409,43.931462254525364,-61.8384018074817,east-canada,east-canada,seab,seab,
693,689,690,0.031460857879693,2022.7526124912026,2022.7526124912026,44.67100840950466,-60.58234638048409,44.239403958647294,-63.14011366014479,east-canada,east-canada,seab,seab,
694,690,704,0.10471761082914778,2022.8438973880204,2022.8438973880204,44.239403958647294,-63.14011366014479,42.708503424712966,-68.79105370929551,east-canada,northeast-us,seab,seab,
695,690,691,0.10471761082914778,2022.8438973880204,2022.8438973880204,44.239403958647294,-63.14011366014479,44.7332673498288,-61.70475715252053,east-canada,east-canada,seab,seab,
696,691,692,0.14411178573663064,2022.988009173757,2022.988009173757,44.7332673498288,-61.70475715252053,44.44821973789729,-61.72884466396054,east-canada,east-canada,seab,seab,
697,691,697,0.14411178573663064,2022.988009173757,2022.988009173757,44.7332673498288,-61.70475715252053,48.62805151747077,-58.135165390587034,east-canada,east-canada,seab,seab,
698,692,693,0.040733109841746946,2023.02775309423,2023.02775309423,44.44821973789729,-61.72884466396054,44.648320034162275,-63.57920990136019,east-canada,east-canada,seab,mammal,EPI_ISL_18702964|A/Red_Fox/NS/FAV-0241-1/2023|H5N5|North_America|2023-05-23|nonhuman_mammal|A6
699,692,694,0.040733109841746946,2023.02775309423,2023.02775309423,44.44821973789729,-61.72884466396054,43.95143782458107,-59.99610095050614,east-canada,east-canada,seab,seab,
700,694,696,0.06006592700520989,2023.087713223657,2023.087713223657,43.95143782458107,-59.99610095050614,43.93297931267305,-59.916670607483695,east-canada,east-canada,seab,seab,EPI_ISL_18702970|A/Great_Black-Backed_Gull/NS/FAV-0263-5/2023|H5N5|North_America|2023-04-14|wild_avian|A6
701,694,695,0.06006592700520989,2023.087713223657,2023.087713223657,43.95143782458107,-59.99610095050614,43.933036048182544,-59.91654568678492,east-canada,east-canada,seab,seab,EPI_ISL_18702985|A/Northern_Fulmar/NS/FAV-0264-6/2023|H5N5|North_America|2023-03-02|wild_avian|A6
702,697,698,0.6854942385914105,2023.6756723952353,2023.6756723952353,48.62805151747077,-58.135165390587034,41.829908485922445,-69.97461235601183,east-canada,northeast-us,seab,seab,24-037650-001|A/Great_black-backed_gull/MA/24-037650-001/2024|H5N5|North_America|2024-11-05|wild_avian|A6
703,697,699,0.6854942385914105,2023.6756723952353,2023.6756723952353,48.62805151747077,-58.135165390587034,50.41596113371218,-55.81678676093357,east-canada,east-canada,seab,seab,
704,699,703,0.087217449404756,2023.7608410475984,2023.7608410475984,50.41596113371218,-55.81678676093357,75.73442869266749,-41.103700615283344,east-canada,europe,seab,seab,EPI_ISL_19216500|A/glaucous_gull/Greenland/08236-1.02/2023|H5N5|North_America|2023|wild_avian|A6
705,699,700,0.087217449404756,2023.7608410475984,2023.7608410475984,50.41596113371218,-55.81678676093357,46.8408113550708,-54.096924989092045,east-canada,east-canada,seab,seab,
706,700,702,0.5329161347454257,2024.2895397879256,2024.2895397879256,46.8408113550708,-54.096924989092045,46.82880425731029,-54.09140998733785,east-canada,east-canada,seab,seab,EPI_ISL_19750597|A/Herring_Gull/NL/OTH-0039-33/2024|H5N5|North_America|2024-05-07|wild_avian|A6
707,700,701,0.5329161347454257,2024.2895397879256,2024.2895397879256,46.8408113550708,-54.096924989092045,46.8301427119945,-54.093815119157064,east-canada,east-canada,seab,seab,EPI_ISL_19750596|A/Herring_Gull/NL/OTH-0039-32/2024|H5N5|North_America|2024-04-29|wild_avian|A6
708,704,705,0.23925669805767075,2023.083154086078,2023.083154086078,42.708503424712966,-68.79105370929551,43.383279999999495,-70.54277,northeast-us,northeast-us,seab,seab,EPI_ISL_19736854|A/herring_gull/Maine/037519-001/2023|H5N5|North_America|2023-05-23|wild_avian|A6
709,704,706,0.23925669805767075,2023.083154086078,2023.083154086078,42.708503424712966,-68.79105370929551,41.29186370480587,-70.10474821061788,northeast-us,northeast-us,seab,seab,
710,706,707,0.10388419462469342,2023.1870382807026,2023.1870382807026,41.29186370480587,-70.10474821061788,41.283283800085485,-70.09737790325858,northeast-us,northeast-us,seab,seab,EPI_ISL_19736858|A/great_black-backed_gull/Massachusetts/015884-021/2023|H5N5|North_America|2023-03-17|wild_avian|A6
711,706,708,0.10388419462469342,2023.1870382807026,2023.1870382807026,41.29186370480587,-70.10474821061788,41.287518049514915,-70.0979698187477,northeast-us,northeast-us,seab,seab,EPI_ISL_19736857|A/great_black-backed_gull/Massachusetts/015884-022/2023|H5N5|North_America|2023-03-17|wild_avian|A6
712,709,710,0.32464363405742946,2023.1142782308361,2023.1142782308361,43.931462254525364,-61.8384018074817,43.649149999999956,-65.80344999999953,east-canada,east-canada,seab,seab,EPI_ISL_18702963|A/Common_Tern/NS/FAV-0234-1/2023|H5N5|North_America|2023-06-09|wild_avian|A6
713,709,711,0.32464363405742946,2023.1142782308361,2023.1142782308361,43.931462254525364,-61.8384018074817,43.93179235988089,-59.91801247772209,east-canada,east-canada,seab,seab,EPI_ISL_18702988|A/Northern_Fulmar/NS/FAV-0264-9/2023|H5N5|North_America|2023-03-21|wild_avian|A6
714,713,714,0.274958143596352,2022.6273309695748,2022.6273309695748,46.35431275538747,-57.622838244022255,43.96493916126095,-59.893879020773305,east-canada,east-canada,seab,seab,
715,713,717,0.274958143596352,2022.6273309695748,2022.6273309695748,46.35431275538747,-57.622838244022255,46.50373339547998,-63.308763683967605,east-canada,east-canada,seab,seab,
716,714,715,0.5154930196152535,2023.14282398919,2023.14282398919,43.96493916126095,-59.893879020773305,43.931206074444326,-59.92035885710949,east-canada,east-canada,seab,seab,EPI_ISL_18702981|A/Great_Black-Backed_Gull/NS/FAV-0264-15/2023|H5N5|North_America|2023-04-30|wild_avian|A6
717,714,716,0.5154930196152535,2023.14282398919,2023.14282398919,43.96493916126095,-59.893879020773305,43.93181080946817,-59.91992601190285,east-canada,east-canada,seab,seab,EPI_ISL_18702978|A/Northern_Fulmar/NS/FAV-0264-12/2023|H5N5|North_America|2023-04-08|wild_avian|A6
718,717,721,0.2918319823256802,2022.9191629519005,2022.9191629519005,46.50373339547998,-63.308763683967605,46.53992573082757,-63.59514986740838,east-canada,east-canada,seab,mammal,EPI_ISL_18702959|A/Raccoon/PEI/FAV-0193-1/2023|H5N5|North_America|2023-04-03|nonhuman_mammal|A6
719,717,718,0.2918319823256802,2022.9191629519005,2022.9191629519005,46.50373339547998,-63.308763683967605,46.48518370207505,-63.681250927136325,east-canada,east-canada,seab,seab,
720,718,719,0.06304542048546809,2022.9778403112223,2022.9778403112223,46.48518370207505,-63.681250927136325,46.537146294863135,-63.59564880712338,east-canada,east-canada,seab,mammal,EPI_ISL_18702960|A/Raccoon/PEI/FAV-0199-1/2023|H5N5|North_America|2023-04-29|nonhuman_mammal|A6
721,718,720,0.06304542048546809,2022.9778403112223,2022.9778403112223,46.48518370207505,-63.681250927136325,46.39290155110024,-63.789804764603716,east-canada,east-canada,seab,scav,EPI_ISL_18702952|A/American_Crow/PEI/FAV-0035-6/2023|H5N5|North_America|2023-01-09|wild_avian|A6
