,node1,node2,length,startYear,endYear,startLat,startLon,endLat,endLon,startRegion,endRegion,startHost,endHost,tipLabel
0,0,704,0.0,2020.4216599281765,2020.4216599281765,66.9123328215558,63.82403335058756,66.75940324440778,92.75019835770809,europe,europe,gds,gds,
1,0,1,0.0,2020.4216599281765,2020.4216599281765,66.9123328215558,63.82403335058756,66.2691419099887,19.410608052573256,europe,europe,gds,seab,
2,1,2,0.8648306167018769,2021.304699659248,2021.304699659248,66.2691419099887,19.410608052573256,78.63443394893785,21.996345463631698,europe,europe,seab,seab,EPI_ISL_18963366|A/Great_skua/Norway/2022-07-1486-5/2022|H5N5|Europe|2022-07-07|wild_avian|A6
3,1,3,0.8648306167018769,2021.304699659248,2021.304699659248,66.2691419099887,19.410608052573256,64.20526101954876,12.795511864996802,europe,europe,seab,seab,
4,3,4,0.19940155187438127,2021.480864611956,2021.480864611956,64.20526101954876,12.795511864996802,63.99408549881242,12.308769097326339,europe,europe,seab,bdpr,EPI_ISL_18901717|A/White-tailed_eagle/Norway/2022-07-1141-5/2022|H5N5|Europe|2022-06-15|wild_avian|A6
5,3,5,0.19940155187438127,2021.480864611956,2021.480864611956,64.20526101954876,12.795511864996802,64.0446212613434,12.46775721308447,europe,europe,seab,bdpr,
6,5,703,0.05568767274256047,2021.529761376153,2021.529761376153,64.0446212613434,12.46775721308447,63.99215933356472,12.306769273921766,europe,europe,bdpr,bdpr,EPI_ISL_18860084|A/White-tailed_eagle/Norway/2022-07-100/2022|H5N5|Europe|2022-02-25|wild_avian|A6
7,5,6,0.05568767274256047,2021.529761376153,2021.529761376153,64.0446212613434,12.46775721308447,64.04376661145285,12.128157453026965,europe,europe,bdpr,bdpr,
8,6,7,0.1223588072273645,2021.6322665624948,2021.6322665624948,64.04376661145285,12.128157453026965,64.00487455802471,11.985052679514633,europe,europe,bdpr,bdpr,
9,6,10,0.1223588072273645,2021.6322665624948,2021.6322665624948,64.04376661145285,12.128157453026965,64.00779541121136,10.59189881780011,europe,europe,bdpr,seab,
10,7,8,0.06608249646726033,2021.7292554221492,2021.7292554221492,64.00487455802471,11.985052679514633,63.99209634210959,12.307696229217516,europe,europe,bdpr,bdpr,EPI_ISL_18901686|A/White-tailed_eagle/Norway/2022-07-977-1/2022|H5N5|Europe|2022-05-24|wild_avian|A6
11,7,9,0.06608249646726033,2021.7292554221492,2021.7292554221492,64.00487455802471,11.985052679514633,63.99103528981027,12.310187772837118,europe,europe,bdpr,bdpr,EPI_ISL_18901641|A/White-tailed_eagle/Norway/2022-07-198-1/2022|H5N5|Europe|2022-03-24|wild_avian|A6
12,10,598,0.07787486790358106,2021.7422037587958,2021.7422037587958,64.00779541121136,10.59189881780011,63.41169518940713,2.085456304456817,europe,europe,seab,seab,
13,10,11,0.07787486790358106,2021.7422037587958,2021.7422037587958,64.00779541121136,10.59189881780011,63.97908832337752,12.316893495425207,europe,europe,seab,seab,
14,11,12,0.10681963313914364,2021.8529535010002,2021.8529535010002,63.97908832337752,12.316893495425207,64.0860872574093,13.525584507726125,europe,europe,seab,bdpr,
15,11,15,0.10681963313914364,2021.8529535010002,2021.8529535010002,63.97908832337752,12.316893495425207,63.94289335014928,12.222573146118764,europe,europe,seab,seab,
16,12,13,0.0637345754287522,2021.9514749045186,2021.9514749045186,64.0860872574093,13.525584507726125,64.83764080653447,25.571165492828495,europe,europe,bdpr,bdpr,EPI_ISL_19711785|A/white-tailed_eagle/Finland/8258/2022|H5N5|Europe|2022-09-18|wild_avian|A6
17,12,14,0.0637345754287522,2021.9514749045186,2021.9514749045186,64.0860872574093,13.525584507726125,63.986783084873146,12.308356464402447,europe,europe,bdpr,bdpr,EPI_ISL_18901640|A/White-tailed_eagle/Norway/2022-07-196-1/2022|H5N5|Europe|2022-03-25|wild_avian|A6
18,15,16,0.08694904731137038,2021.9736490261116,2021.9736490261116,63.94289335014928,12.222573146118764,63.97843175158938,12.499732400718782,europe,europe,seab,bdpr,
19,15,23,0.08694904731137038,2021.9736490261116,2021.9736490261116,63.94289335014928,12.222573146118764,63.99396860625948,12.250877258531993,europe,europe,seab,seab,
20,16,17,0.07513494570656092,2022.0706074322281,2022.0706074322281,63.97843175158938,12.499732400718782,63.987536621078675,12.306785957694968,europe,europe,bdpr,bdpr,EPI_ISL_18901687|A/White-tailed_eagle/Norway/2022-07-981-1/2022|H5N5|Europe|2022-06-08|wild_avian|A6
21,16,18,0.07513494570656092,2022.0706074322281,2022.0706074322281,63.97843175158938,12.499732400718782,63.958100187859316,12.228804762917541,europe,europe,bdpr,seab,
22,18,22,0.09814885158492515,2022.091591941594,2022.091591941594,63.958100187859316,12.228804762917541,63.98871874848414,12.308524225074924,europe,europe,seab,seab,EPI_ISL_18856025|A/Herring_gull/Norway/2022-07-1141-3/2022|H5N5|Europe|2022-06-15|wild_avian|A6
23,18,19,0.09814885158492515,2022.091591941594,2022.091591941594,63.958100187859316,12.228804762917541,63.97254349212722,12.25453634495315,europe,europe,seab,seab,
24,19,20,0.6308680514224446,2022.582954024175,2022.582954024175,63.97254349212722,12.25453634495315,63.98969205495383,12.307854380268443,europe,europe,seab,seab,EPI_ISL_18851409|A/Great_black-backed_gull/Norway/2022-07-3018-2/2022|H5N5|Europe|2022-10-03|wild_avian|A6
25,19,21,0.6308680514224446,2022.582954024175,2022.582954024175,63.97254349212722,12.25453634495315,63.990529220247204,12.307897104705443,europe,europe,seab,seab,EPI_ISL_18901649|A/Great_black-backed_gull/Norway/2022-07-2739-1/2022|H5N5|Europe|2022-09-20|wild_avian|A6
26,23,597,0.07196801710419218,2022.0752175866087,2022.0752175866087,63.99396860625948,12.250877258531993,63.992830947374124,12.307472878645266,europe,europe,seab,seab,EPI_ISL_18838729|A/Great_black-backed_gull/Norway/2022-07-1137-1/2022|H5N5|Europe|2022-06-15|wild_avian|A6
27,23,24,0.07196801710419218,2022.0752175866087,2022.0752175866087,63.99396860625948,12.250877258531993,63.99454639655029,12.285976336193709,europe,europe,seab,seab,
28,24,25,0.1054439890391491,2022.1790692639854,2022.1790692639854,63.99454639655029,12.285976336193709,63.9881393933641,12.307797870944492,europe,europe,seab,bdpr,EPI_ISL_18901684|A/White-tailed_eagle/Norway/2022-07-693-1/2022|H5N5|Europe|2022-05-13|wild_avian|A6
29,24,26,0.1054439890391491,2022.1790692639854,2022.1790692639854,63.99454639655029,12.285976336193709,63.95197446803155,12.19837766384917,europe,europe,seab,seab,
30,26,27,0.05720911867656601,2022.236278382662,2022.236278382662,63.95197446803155,12.19837766384917,63.93792606631093,12.173574739179513,europe,europe,seab,seab,
31,26,32,0.05720911867656601,2022.236278382662,2022.236278382662,63.95197446803155,12.19837766384917,63.367200930125954,12.278604161039759,europe,europe,seab,seab,
32,27,31,0.027264774360072082,2022.258189551976,2022.258189551976,63.93792606631093,12.173574739179513,63.99009948560192,12.30838153937651,europe,europe,seab,bdpr,EPI_ISL_18901678|A/White-tailed_eagle/Norway/2022-07-446-1/2022|H5N5|Europe|2022-05-04|wild_avian|A6
33,27,28,0.027264774360072082,2022.258189551976,2022.258189551976,63.93792606631093,12.173574739179513,63.986940219940884,12.315026814431835,europe,europe,seab,seab,
34,28,29,0.10234083816338121,2022.3555744264893,2022.3555744264893,63.986940219940884,12.315026814431835,63.98978419195096,12.306399737272697,europe,europe,seab,seab,EPI_ISL_18455200|A/European_herring_gull/Norway/2022-07-1141-1T/2022|H5N5|Europe|2022-06-15|wild_avian|A6
35,28,30,0.10234083816338121,2022.3555744264893,2022.3555744264893,63.986940219940884,12.315026814431835,63.98884570719206,12.308546372955366,europe,europe,seab,seab,EPI_ISL_18856077|A/Common_gull/Norway/2022-07-1140-1/2022|H5N5|Europe|2022-06-15|wild_avian|A6
36,32,596,0.08663789610684926,2022.3368855238878,2022.3368855238878,63.367200930125954,12.278604161039759,63.99062629194362,12.308308780848277,europe,europe,seab,seab,EPI_ISL_18877920|A/Northern_gannet/Norway/2022-07-1233-1/2022|H5N5|Europe|2022-06-21|wild_avian|A6
37,32,33,0.08663789610684926,2022.3368855238878,2022.3368855238878,63.367200930125954,12.278604161039759,52.21486392679581,17.11206409549542,europe,europe,seab,seab,
38,33,34,0.6297937904290734,2022.966679314317,2022.966679314317,52.21486392679581,17.11206409549542,37.257303478248474,127.94463276130294,europe,asia,seab,scav,
39,33,97,0.6297937904290734,2022.966679314317,2022.966679314317,52.21486392679581,17.11206409549542,52.81788621006496,-6.033709630451656,europe,europe,seab,seab,
40,34,70,0.6633476889648934,2023.6300270032818,2023.6300270032818,37.257303478248474,127.94463276130294,36.51745765814104,133.3882009576265,asia,asia,scav,scav,
41,34,35,0.6633476889648934,2023.6300270032818,2023.6300270032818,37.257303478248474,127.94463276130294,36.289143230206776,136.15559659773672,asia,asia,scav,scav,
42,35,36,0.09927287117106168,2023.7821924262487,2023.7821924262487,36.289143230206776,136.15559659773672,36.00323319431065,137.9993056465659,asia,asia,scav,scav,
43,35,39,0.09927287117106168,2023.7821924262487,2023.7821924262487,36.289143230206776,136.15559659773672,36.04932460925677,137.7992764924334,asia,asia,scav,scav,
44,36,37,0.1647062047604853,2023.9468986310092,2023.9468986310092,36.00323319431065,137.9993056465659,35.997334498098844,137.99992195389154,asia,asia,scav,scav,EPI_ISL_18838019|A/large-billed_crow/Hokkaido/0112F066C/2023|H5N5|Asia|2023-12-19|wild_avian|A6
45,36,38,0.1647062047604853,2023.9468986310092,2023.9468986310092,36.00323319431065,137.9993056465659,35.997162680341376,137.99890326896946,asia,asia,scav,scav,EPI_ISL_18837770|A/large-billed_crow/Hokkaido/0112F066T/2023|H5N5|Asia|2023-12-19|wild_avian|A6
46,39,40,0.13337076086174227,2023.9155631871104,2023.9155631871104,36.04932460925677,137.7992764924334,36.009337884048975,138.07386415971808,asia,asia,scav,scav,
47,39,49,0.13337076086174227,2023.9155631871104,2023.9155631871104,36.04932460925677,137.7992764924334,35.98637537788867,137.93012278944155,asia,asia,scav,scav,
48,40,41,0.03441007775870374,2023.9441355598913,2023.9441355598913,36.009337884048975,138.07386415971808,35.99863026499811,137.99860388976882,asia,asia,scav,scav,EPI_ISL_18792212|A/large-billed_crow/Hokkaido/B073/2024|H5N5|Asia|2024-01-08|wild_avian|A6
49,40,42,0.03441007775870374,2023.9441355598913,2023.9441355598913,36.009337884048975,138.07386415971808,35.99365249061066,137.94542361671225,asia,asia,scav,scav,
50,42,48,0.03802109977128244,2023.9715630237183,2023.9715630237183,35.99365249061066,137.94542361671225,36.00219626702182,137.9996433784023,asia,asia,scav,scav,EPI_ISL_18830860|A/crow/Hokkaido/B075/2024|H5N5|Asia|2024-01-11|wild_avian|A6
51,42,43,0.03802109977128244,2023.9715630237183,2023.9715630237183,35.99365249061066,137.94542361671225,36.04441897151117,138.12912019274242,asia,asia,scav,scav,
52,43,47,0.027310734826928376,2023.9912525569514,2023.9912525569514,36.04441897151117,138.12912019274242,36.00172137036899,137.99775950055255,asia,asia,scav,scav,EPI_ISL_18830859|A/large-billed_crow/Hokkaido/B074/2024|H5N5|Asia|2024-01-09|wild_avian|A6
53,43,44,0.027310734826928376,2023.9912525569514,2023.9912525569514,36.04441897151117,138.12912019274242,36.00279153063032,137.99840079907474,asia,asia,scav,scav,
54,44,45,0.05867705014546055,2024.0205905914606,2024.0205905914606,36.00279153063032,137.99840079907474,36.00010041530845,138.00071382460558,asia,asia,scav,scav,EPI_ISL_19385179|A/large-billed_crow/Hokkaido/B107/2024|H5N5|Asia|2024-02-20|wild_avian|A6
55,44,46,0.05867705014546055,2024.0205905914606,2024.0205905914606,36.00279153063032,137.99840079907474,36.00316200264108,137.99875090933614,asia,asia,scav,scav,EPI_ISL_18968546|A/large-billed_crow/Hokkaido/B082/2024|H5N5|Asia|2024-02-05|wild_avian|A6
56,49,65,0.05545356689908478,2024.0159411362438,2024.0159411362438,35.98637537788867,137.93012278944155,36.02916483581629,138.16940983300336,asia,asia,scav,scav,
57,49,50,0.05545356689908478,2024.0159411362438,2024.0159411362438,35.98637537788867,137.93012278944155,36.081712922153535,138.34464901300962,asia,asia,scav,scav,
58,50,51,0.029348428246482258,2024.0503891219273,2024.0503891219273,36.081712922153535,138.34464901300962,35.99865328621175,137.99805463571388,asia,asia,scav,scav,EPI_ISL_19385178|A/large-billed_crow/Hokkaido/B105/2024|H5N5|Asia|2024-02-19|wild_avian|A6
59,50,52,0.029348428246482258,2024.0503891219273,2024.0503891219273,36.081712922153535,138.34464901300962,35.991021449812116,137.99490438241486,asia,asia,scav,scav,
60,52,53,0.03127196458264145,2024.068740868389,2024.068740868389,35.991021449812116,137.99490438241486,36.000780849121426,138.00045916333173,asia,asia,scav,scav,EPI_ISL_19385478|A/large-billed_crow/Hokkaido/B108/2024|H5N5|Asia|2024-02-21|wild_avian|A6
61,52,54,0.03127196458264145,2024.068740868389,2024.068740868389,35.991021449812116,137.99490438241486,36.00362496324925,138.03293887360056,asia,asia,scav,scav,
62,54,55,0.02583423454522291,2024.0942533102054,2024.0942533102054,36.00362496324925,138.03293887360056,35.99870395668746,138.001266996941,asia,asia,scav,scav,EPI_ISL_19385627|A/large-billed_crow/Hokkaido/B115/2024|H5N5|Asia|2024-02-26|wild_avian|A6
63,54,56,0.02583423454522291,2024.0942533102054,2024.0942533102054,36.00362496324925,138.03293887360056,35.98601106083664,137.9731506388937,asia,asia,scav,scav,
64,56,57,0.028819450758483408,2024.1223351382876,2024.1223351382876,35.98601106083664,137.9731506388937,36.00134036822839,138.00147998492014,asia,asia,scav,scav,EPI_ISL_19385629|A/large-billed_crow/Hokkaido/B119/2024|H5N5|Asia|2024-03-15|wild_avian|A6
65,56,58,0.028819450758483408,2024.1223351382876,2024.1223351382876,35.98601106083664,137.9731506388937,36.01383870772962,138.01776706842588,asia,asia,scav,scav,
66,58,62,0.03514472778158228,2024.1560732893863,2024.1560732893863,36.01383870772962,138.01776706842588,35.996060731552895,137.98512838758208,asia,asia,scav,scav,
67,58,59,0.03514472778158228,2024.1560732893863,2024.1560732893863,36.01383870772962,138.01776706842588,36.00507817932409,137.98965792814235,asia,asia,scav,scav,
68,59,60,0.01873873207899533,2024.1728855340582,2024.1728855340582,36.00507817932409,137.98965792814235,35.999341144821244,137.99938875922382,asia,asia,scav,scav,EPI_ISL_19055087|A/large-billed_crow/Hokkaido/B120/2024|H5N5|Asia|2024-03-16|wild_avian|A6
69,59,61,0.01873873207899533,2024.1728855340582,2024.1728855340582,36.00507817932409,137.98965792814235,36.0006480881207,138.00103881288103,asia,asia,scav,scav,EPI_ISL_19385628|A/large-billed_crow/Hokkaido/B117/2024|H5N5|Asia|2024-03-13|wild_avian|A6
70,62,63,0.043007091840501804,2024.2090834304904,2024.2090834304904,35.996060731552895,137.98512838758208,35.99957336881465,137.99985643707575,asia,asia,scav,scav,EPI_ISL_19174744|A/large-billed_crow/Hokkaido/B157/2024|H5N5|Asia|2024-04-30|wild_avian|A6
71,62,64,0.043007091840501804,2024.2090834304904,2024.2090834304904,35.996060731552895,137.98512838758208,35.99974648757025,138.00130609305552,asia,asia,scav,scav,EPI_ISL_19139304|A/large-billed_crow/Hokkaido/0103B118/2024|H5N5|Asia|2024-03-25|wild_avian|A6
72,65,66,0.056481682851897794,2024.088695013102,2024.088695013102,36.02916483581629,138.16940983300336,36.00040003658705,138.00036256099455,asia,asia,scav,scav,EPI_ISL_19033208|A/large-billed_crow/Hokkaido/B106/2024|H5N5|Asia|2024-02-19|wild_avian|A6
73,65,67,0.056481682851897794,2024.088695013102,2024.088695013102,36.02916483581629,138.16940983300336,36.00215659846842,137.8747678287294,asia,asia,scav,scav,
74,67,69,0.03399741714305246,2024.1085666639485,2024.1085666639485,36.00215659846842,137.8747678287294,36.00427660777221,137.99861963214778,asia,asia,scav,scav,EPI_ISL_19033209|A/large-billed_crow/Hokkaido/B112/2024|H5N5|Asia|2024-02-23|wild_avian|A6
75,67,68,0.03399741714305246,2024.1085666639485,2024.1085666639485,36.00215659846842,137.8747678287294,35.996823284491285,137.99995821930133,asia,asia,scav,scav,EPI_ISL_19033207|A/large-billed_crow/Hokkaido/B104/2024|H5N5|Asia|2024-02-20|wild_avian|A6
76,70,71,0.08083287544733386,2023.7237436195373,2023.7237436195373,36.51745765814104,133.3882009576265,36.074071979553366,137.7505744694609,asia,asia,scav,scav,
77,70,80,0.08083287544733386,2023.7237436195373,2023.7237436195373,36.51745765814104,133.3882009576265,36.18432315229691,135.0919220200435,asia,asia,scav,scav,
78,71,79,0.3105450410677088,2024.0156703395878,2024.0156703395878,36.074071979553366,137.7505744694609,35.997812928547596,138.000924693556,asia,asia,scav,scav,EPI_ISL_18968549|A/crow/Hokkaido/B094/2024|H5N5|Asia|2024-02-09|wild_avian|A6
79,71,72,0.3105450410677088,2024.0156703395878,2024.0156703395878,36.074071979553366,137.7505744694609,35.95671552838293,137.75506329501417,asia,asia,scav,scav,
80,72,73,0.020879185445834714,2024.0340690895862,2024.0340690895862,35.95671552838293,137.75506329501417,35.99386331230464,137.9870522596504,asia,asia,scav,scav,
81,72,76,0.020879185445834714,2024.0340690895862,2024.0340690895862,35.95671552838293,137.75506329501417,35.99645845788821,137.98970890687983,asia,asia,scav,scav,
82,73,74,0.025937896127528323,2024.0660835974052,2024.0660835974052,35.99386331230464,137.9870522596504,36.00266909490599,138.0006148260985,asia,asia,scav,scav,EPI_ISL_18968550|A/large-billed_crow/Hokkaido/B098/2024|H5N5|Asia|2024-02-13|wild_avian|A6
83,73,75,0.025937896127528323,2024.0660835974052,2024.0660835974052,35.99386331230464,137.9870522596504,36.00290480873152,138.00185094556406,asia,asia,scav,scav,EPI_ISL_18968547|A/large-billed_crow/Hokkaido/B090/2024|H5N5|Asia|2024-02-07|wild_avian|A6
84,76,77,0.041639026299951164,2024.0760675248127,2024.0760675248127,35.99645845788821,137.98970890687983,36.00187156697241,138.00063007143405,asia,asia,scav,scav,EPI_ISL_19385177|A/large-billed_crow/Hokkaido/B092/2024|H5N5|Asia|2024-02-07|wild_avian|A6
85,76,78,0.041639026299951164,2024.0760675248127,2024.0760675248127,35.99645845788821,137.98970890687983,36.00269419779959,138.00018612262974,asia,asia,scav,scav,EPI_ISL_19385176|A/large-billed_crow/Hokkaido/B089/2024|H5N5|Asia|2024-02-07|wild_avian|A6
86,80,94,0.08577352870633091,2023.7851782284215,2023.7851782284215,36.18432315229691,135.0919220200435,36.01142787683508,137.93802871425171,asia,asia,scav,scav,
87,80,81,0.08577352870633091,2023.7851782284215,2023.7851782284215,36.18432315229691,135.0919220200435,36.06815846736846,137.7335156932674,asia,asia,scav,scav,
88,81,89,0.35034789833291485,2024.0651629007139,2024.0651629007139,36.06815846736846,137.7335156932674,36.009283818593936,137.95324580789782,asia,asia,scav,scav,
89,81,82,0.35034789833291485,2024.0651629007139,2024.0651629007139,36.06815846736846,137.7335156932674,36.033136361564935,138.03439589297273,asia,asia,scav,scav,
90,82,88,0.03887506588946518,2024.1137063326607,2024.1137063326607,36.033136361564935,138.03439589297273,35.99830961563997,137.99817334222666,asia,asia,scav,scav,EPI_ISL_19055418|A/large-billed_crow/Iwate/0302G005/2024|H5N5|Asia|2024-02-29|wild_avian|A6
91,82,83,0.03887506588946518,2024.1137063326607,2024.1137063326607,36.033136361564935,138.03439589297273,36.00246667416687,137.99364420852135,asia,asia,scav,scav,
92,83,84,0.053078200562563,2024.1420204052092,2024.1420204052092,36.00246667416687,137.99364420852135,36.004635171665996,137.99883038311955,asia,asia,scav,scav,EPI_ISL_19496992|A/large-billed_crow/Iwate/0303G006/2024|H5N5|Asia|2024-03-06|wild_avian|A6
93,83,85,0.053078200562563,2024.1420204052092,2024.1420204052092,36.00246667416687,137.99364420852135,35.99699317498983,137.99034860110433,asia,asia,scav,scav,
94,85,86,0.01865788731677433,2024.161767813651,2024.161767813651,35.99699317498983,137.99034860110433,35.99851662698787,137.99879955623098,asia,asia,scav,scav,EPI_ISL_19496994|A/large-billed_crow/Iwate/0303G007/2024|H5N5|Asia|2024-03-08|wild_avian|A6
95,85,87,0.01865788731677433,2024.161767813651,2024.161767813651,35.99699317498983,137.99034860110433,36.003040487430304,137.99988004520978,asia,asia,scav,scav,EPI_ISL_19496991|A/large-billed_crow/Iwate/0303G005/2024|H5N5|Asia|2024-03-05|wild_avian|A6
96,89,93,0.04160852999564263,2024.1225275854556,2024.1225275854556,36.009283818593936,137.95324580789782,36.00280534348832,138.00132757750467,asia,asia,scav,scav,EPI_ISL_19055420|A/large-billed_crow/Iwate/0303G001/2024|H5N5|Asia|2024-03-01|wild_avian|A6
97,89,90,0.04160852999564263,2024.1225275854556,2024.1225275854556,36.009283818593936,137.95324580789782,36.010399398578286,137.98575617967836,asia,asia,scav,scav,
98,90,92,0.032053273293410775,2024.1391426291443,2024.1391426291443,36.010399398578286,137.98575617967836,35.998987761195956,137.9988067667427,asia,asia,scav,scav,EPI_ISL_19055419|A/large-billed_crow/Iwate/0302G006/2024|H5N5|Asia|2024-02-29|wild_avian|A6
99,90,91,0.032053273293410775,2024.1391426291443,2024.1391426291443,36.010399398578286,137.98575617967836,35.99876746779381,138.00190451937598,asia,asia,scav,scav,EPI_ISL_19055417|A/large-billed_crow/Iwate/0302G004/2024|H5N5|Asia|2024-02-28|wild_avian|A6
100,94,96,0.18212001367721586,2023.9228699691569,2023.9228699691569,36.01142787683508,137.93802871425171,36.000026495794614,138.000853229517,asia,asia,scav,scav,EPI_ISL_19139300|A/large-billed_crow/Iwate/0303G014/2024|H5N5|Asia|2024-03-19|wild_avian|A6
101,94,95,0.18212001367721586,2023.9228699691569,2023.9228699691569,36.01142787683508,137.93802871425171,35.99832692802081,138.00330686835093,asia,asia,scav,scav,EPI_ISL_19385175|A/large-billed_crow/Hokkaido/B088/2024|H5N5|Asia|2024-02-07|wild_avian|A6
102,97,98,0.11869189934542061,2023.0853712136623,2023.0853712136623,52.81788621006496,-6.033709630451656,52.115343103125326,-13.309736939586182,europe,europe,seab,seab,
103,97,121,0.11869189934542061,2023.0853712136623,2023.0853712136623,52.81788621006496,-6.033709630451656,53.84065088769805,-18.777076198360632,europe,europe,seab,seab,
104,98,120,0.22800462051858864,2023.313375834181,2023.313375834181,52.115343103125326,-13.309736939586182,43.932683135143,-59.91570692397906,europe,east-canada,seab,seab,EPI_ISL_19750584|A/Great_Black-Backed_Gull/NS/FAV-0245-6/2024|H5N5|North_America|2024-04-09|wild_avian|A6
105,98,99,0.22800462051858864,2023.313375834181,2023.313375834181,52.115343103125326,-13.309736939586182,52.48900039496596,-13.44203073080928,europe,europe,seab,seab,
106,99,100,0.15023776632918462,2023.4636136005101,2023.4636136005101,52.48900039496596,-13.44203073080928,45.80828713641744,-60.06758184418285,europe,east-canada,seab,scav,
107,99,105,0.15023776632918462,2023.4636136005101,2023.4636136005101,52.48900039496596,-13.44203073080928,54.074144507716724,-4.278805345015717,europe,europe,seab,seab,
108,100,104,1.5673651860160462,2025.0309787865262,2025.0309787865262,45.80828713641744,-60.06758184418285,45.078351528780296,-64.4926969345153,east-canada,east-canada,scav,scav,EPI_ISL_20067312|A/American_Crow/NS/FAV-0157-2/2025|H5N5|North_America|2025-04-29|wild_avian|A6
109,100,101,1.5673651860160462,2025.0309787865262,2025.0309787865262,45.80828713641744,-60.06758184418285,45.09352521036834,-64.35813696505362,east-canada,east-canada,scav,scav,
110,101,102,0.11994675296263822,2025.1509255394888,2025.1509255394888,45.09352521036834,-64.35813696505362,45.094213671024875,-64.36081940952455,east-canada,east-canada,scav,scav,EPI_ISL_20067291|A/American_Crow/NS/FAV-0116-1/2025|H5N5|North_America|2025-03-05|wild_avian|A6
111,101,103,0.11994675296263822,2025.1509255394888,2025.1509255394888,45.09352521036834,-64.35813696505362,45.092431423493224,-64.36415906088011,east-canada,east-canada,scav,scav,EPI_ISL_20067293|A/American_Crow/NS/FAV-0116-2/2025|H5N5|North_America|2025-03-05|wild_avian|A6
112,105,106,0.11847990526710772,2023.5820935057773,2023.5820935057773,54.074144507716724,-4.278805345015717,63.98856950018896,12.306575686700725,europe,europe,seab,bdpr,EPI_ISL_18961445|A/White-tailed_eagle/Norway/2023-07-2937-1/2023|H5N5|Europe|2023-10-04|wild_avian|A6
113,105,107,0.11847990526710772,2023.5820935057773,2023.5820935057773,54.074144507716724,-4.278805345015717,54.264096718723714,-2.881912703727045,europe,europe,seab,seab,
114,107,108,0.027013712789976992,2023.6079870508129,2023.6079870508129,54.264096718723714,-2.881912703727045,54.005758582768955,-2.546332675023804,europe,europe,seab,seab,EPI_ISL_18378733|A/Herring_Gull/England/123277/2023|H5N5|Europe|2023-09-25|wild_avian|A6
115,107,109,0.027013712789976992,2023.6079870508129,2023.6079870508129,54.264096718723714,-2.881912703727045,54.04883816077555,-2.899641147028983,europe,europe,seab,seab,
116,109,119,0.03566060164697454,2023.6297327250163,2023.6297327250163,54.04883816077555,-2.899641147028983,54.00315305933373,-2.548470081527054,europe,europe,seab,scav,EPI_ISL_18592430|A/Common_buzzard/England/264162/2023|H5N5|Europe|2023-11-03|wild_avian|A6
117,109,110,0.03566060164697454,2023.6297327250163,2023.6297327250163,54.04883816077555,-2.899641147028983,54.012852476557,-2.713187107599845,europe,europe,seab,seab,
118,110,111,0.06841380961861583,2023.679023228189,2023.679023228189,54.012852476557,-2.713187107599845,54.00006977265021,-2.546070920173476,europe,europe,seab,seab,EPI_ISL_18592431|A/Common_gull/England/129428/2023|H5N5|Europe|2023-10-27|wild_avian|A6
119,110,112,0.06841380961861583,2023.679023228189,2023.679023228189,54.012852476557,-2.713187107599845,53.987000863170095,-2.549169367282657,europe,europe,seab,seab,
120,112,118,0.031132777341764454,2023.704014047567,2023.704014047567,53.987000863170095,-2.549169367282657,54.00292464162029,-2.5481748351497164,europe,europe,seab,seab,EPI_ISL_18592415|A/Great_Black-Backed_Gull/Scotland/123498/2023|H5N5|Europe|2023-09-25|wild_avian|A6
121,112,113,0.031132777341764454,2023.704014047567,2023.704014047567,53.987000863170095,-2.549169367282657,54.009361409851095,-2.552137319720005,europe,europe,seab,seab,
122,113,117,0.027445224423267876,2023.734107605826,2023.734107605826,54.009361409851095,-2.552137319720005,54.003292038670075,-2.550072010710429,europe,europe,seab,seab,EPI_ISL_18592432|A/Herring_gull/England/404234/2023|H5N5|Europe|2023-10-06|wild_avian|A6
123,113,114,0.027445224423267876,2023.734107605826,2023.734107605826,54.009361409851095,-2.552137319720005,53.99119359096874,-2.563465801581074,europe,europe,seab,seab,
124,114,116,0.026093070253801226,2023.7524964680974,2023.7524964680974,53.99119359096874,-2.563465801581074,53.99974762501787,-2.5479400761274524,europe,europe,seab,seab,EPI_ISL_18592433|A/Herring_gull/England/404384/2023|H5N5|Europe|2023-10-10|wild_avian|A6
125,114,115,0.026093070253801226,2023.7524964680974,2023.7524964680974,53.99119359096874,-2.563465801581074,54.00426684264607,-2.5468978195994487,europe,europe,seab,seab,EPI_ISL_18592416|A/Gannet/Scotland/124903/2023|H5N5|Europe|2023-10-09|wild_avian|A6
126,121,595,0.12156913117086966,2023.2069403448331,2023.2069403448331,53.84065088769805,-18.777076198360632,64.99706040651517,-18.00199369730496,europe,europe,seab,gds,EPI_ISL_18497662|A/Common_eider/Iceland/2023AI08561/2023|H5N5|Europe|2023-09-25|wild_avian|A6
127,121,122,0.12156913117086966,2023.2069403448331,2023.2069403448331,53.84065088769805,-18.777076198360632,54.395176316150604,-17.588989177266363,europe,europe,seab,seab,
128,122,420,0.02466643091410826,2023.2515142120415,2023.2515142120415,54.395176316150604,-17.588989177266363,50.482304799181456,-40.259242499458196,europe,east-canada,seab,seab,
129,122,123,0.02466643091410826,2023.2515142120415,2023.2515142120415,54.395176316150604,-17.588989177266363,57.47126754683402,-7.67244251901064,europe,europe,seab,seab,
130,123,124,0.08558663116376936,2023.3386052254818,2023.3386052254818,57.47126754683402,-7.67244251901064,62.9630811301025,8.088068365023767,europe,europe,seab,seab,
131,123,213,0.08558663116376936,2023.3386052254818,2023.3386052254818,57.47126754683402,-7.67244251901064,59.6751839414388,5.679972354385203,europe,europe,seab,seab,
132,124,125,0.43591143737526594,2024.1303501026978,2024.1303501026978,62.9630811301025,8.088068365023767,63.99168973960468,12.308566129663108,europe,europe,seab,seab,EPI_ISL_19510710|A/Gull/Norway/2024-07-2684-1/2024|H5N5|Europe|2024-10-10|wild_avian|A6
133,124,126,0.43591143737526594,2024.1303501026978,2024.1303501026978,62.9630811301025,8.088068365023767,62.825483326905605,7.886886262433874,europe,europe,seab,seab,
134,126,198,0.16843761243212413,2024.1897416488418,2024.1897416488418,62.825483326905605,7.886886262433874,63.42560634119179,3.9277909622611626,europe,europe,seab,seab,
135,126,127,0.16843761243212413,2024.1897416488418,2024.1897416488418,62.825483326905605,7.886886262433874,63.11879244356553,10.930835087789507,europe,europe,seab,seab,
136,127,185,0.21307901061209555,2024.2585059425967,2024.2585059425967,63.11879244356553,10.930835087789507,65.4193451667182,12.757546845749378,europe,europe,seab,seab,
137,127,128,0.21307901061209555,2024.2585059425967,2024.2585059425967,63.11879244356553,10.930835087789507,61.940171854540495,13.324953336475195,europe,europe,seab,seab,
138,128,184,0.30892675182179835,2024.5352487711311,2024.5352487711311,61.940171854540495,13.324953336475195,64.8428902156249,25.571336609108204,europe,europe,seab,bdpr,EPI_ISL_20134500|A/golden_eagle/Finland/5959/2025|H5N5|Europe|2025-06-13|wild_avian|A6
139,128,129,0.30892675182179835,2024.5352487711311,2024.5352487711311,61.940171854540495,13.324953336475195,61.11941707209009,12.429928968436444,europe,europe,seab,seab,
140,129,130,0.08131296264142483,2024.5976284808826,2024.5976284808826,61.11941707209009,12.429928968436444,57.38234991573087,36.79580631175256,europe,europe,seab,seab,
141,129,135,0.08131296264142483,2024.5976284808826,2024.5976284808826,61.11941707209009,12.429928968436444,60.70405829551558,5.797226597356996,europe,europe,seab,seab,
142,130,131,0.45297870273866614,2025.1040584232783,2025.1040584232783,57.38234991573087,36.79580631175256,63.99065814295851,12.309794265348417,europe,europe,seab,seab,EPI_ISL_20050590|A/Common_gull/Norway/2025-07-1155-2-2/2025|H5N5|Europe|2025-06-10|wild_avian|A6
143,130,132,0.45297870273866614,2025.1040584232783,2025.1040584232783,57.38234991573087,36.79580631175256,45.982690494422236,91.00099354391936,europe,asia,seab,scav,
144,132,133,0.7726457538421231,2025.8767041771202,2025.8767041771202,45.982690494422236,91.00099354391936,35.996784229692416,137.99932275986367,asia,asia,scav,scav,EPI_ISL_20364549|A/large-billed_crow/Hokkaido/B254/2026|H5N5|Asia|2026-01-12|wild_avian|A6
145,132,134,0.7726457538421231,2025.8767041771202,2025.8767041771202,45.982690494422236,91.00099354391936,36.000337007959125,138.00139279599367,asia,asia,scav,scav,EPI_ISL_20363861|A/carrion_crow/Hokkaido/B257/2026|H5N5|Asia|2026-01-12|wild_avian|A6
146,135,167,0.08919911438669063,2024.6876862111342,2024.6876862111342,60.70405829551558,5.797226597356996,60.9554191043151,4.347642898074118,europe,europe,seab,seab,
147,135,136,0.08919911438669063,2024.6876862111342,2024.6876862111342,60.70405829551558,5.797226597356996,58.706079668637265,3.2899136013744488,europe,europe,seab,seab,
148,136,166,0.04864293745207583,2024.776286123717,2024.776286123717,58.706079668637265,3.2899136013744488,54.00213945240654,-2.5452964736830017,europe,europe,seab,seab,EPI_ISL_19779830|A/Herring_Gull/England/286555/2025|H5N5|Europe|2025-02-17|wild_avian|A6
149,136,137,0.04864293745207583,2024.776286123717,2024.776286123717,58.706079668637265,3.2899136013744488,58.275450053253145,3.0291407941739905,europe,europe,seab,seab,
150,137,165,0.04014434395647157,2024.8122844916595,2024.8122844916595,58.275450053253145,3.0291407941739905,63.99036364559572,12.30945719650068,europe,europe,seab,seab,EPI_ISL_19614580|A/Gull/Norway/2024-07-3071-1/2024|H5N5|Europe|2024-11-28|wild_avian|A6
151,137,138,0.04014434395647157,2024.8122844916595,2024.8122844916595,58.275450053253145,3.0291407941739905,54.75087151465857,-1.5546037891161169,europe,europe,seab,seab,
152,138,139,0.11701926592400211,2024.92945604276,2024.92945604276,54.75087151465857,-1.5546037891161169,54.20822271610275,-1.9448445235612106,europe,europe,seab,seab,
153,138,146,0.11701926592400211,2024.92945604276,2024.92945604276,54.75087151465857,-1.5546037891161169,54.13662617792396,-1.991457731009771,europe,europe,seab,seab,
154,139,140,0.02441872951379514,2024.9690197429693,2024.9690197429693,54.20822271610275,-1.9448445235612106,54.00097381480343,-2.549547743783497,europe,europe,seab,seab,EPI_ISL_19901909|A/Gull/England/011857/2025|H5N5|Europe|2025-02-05|wild_avian|A6
155,139,141,0.02441872951379514,2024.9690197429693,2024.9690197429693,54.20822271610275,-1.9448445235612106,54.042321316529126,-2.5058287527762833,europe,europe,seab,mammal,
156,141,145,0.06163542880703703,2025.0156267113734,2025.0156267113734,54.042321316529126,-2.5058287527762833,54.00474869684798,-2.549159485482673,europe,europe,mammal,mammal,EPI_ISL_19779804|A/Grey_Seal/England/014989/2025|H5N5|Europe|2025-02-14|nonhuman_mammal|A6
157,141,142,0.06163542880703703,2025.0156267113734,2025.0156267113734,54.042321316529126,-2.5058287527762833,54.02606375102445,-2.5295626271045943,europe,europe,mammal,mammal,
158,142,143,0.018612760740876477,2025.0325958953542,2025.0325958953542,54.02606375102445,-2.5295626271045943,54.00503871625264,-2.5479161547681652,europe,europe,mammal,mammal,EPI_ISL_19779802|A/Grey_Seal/England/014941/2025|H5N5|Europe|2025-02-14|nonhuman_mammal|A6
159,142,144,0.018612760740876477,2025.0325958953542,2025.0325958953542,54.02606375102445,-2.5295626271045943,54.00585340853588,-2.5495117507678273,europe,europe,mammal,mammal,EPI_ISL_19779801|A/Grey_Seal/England/014917/2025|H5N5|Europe|2025-02-14|nonhuman_mammal|A6
160,146,160,0.03287058295087863,2024.9717302733368,2024.9717302733368,54.13662617792396,-1.991457731009771,54.03389873533049,-2.512363991912707,europe,europe,seab,seab,
161,146,147,0.03287058295087863,2024.9717302733368,2024.9717302733368,54.13662617792396,-1.991457731009771,53.99711609962247,-2.702106274425215,europe,europe,seab,mammal,
162,147,159,0.03337100352005114,2024.988365216549,2024.988365216549,53.99711609962247,-2.702106274425215,54.0012081029182,-2.550199728614117,europe,europe,mammal,mammal,EPI_ISL_19779803|A/Grey_Seal/England/014976/2025|H5N5|Europe|2025-02-14|nonhuman_mammal|A6
163,147,148,0.03337100352005114,2024.988365216549,2024.988365216549,53.99711609962247,-2.702106274425215,54.06897261372966,-2.6980138099742947,europe,europe,mammal,seab,
164,148,149,0.04373835738009325,2025.0137705209634,2025.0137705209634,54.06897261372966,-2.6980138099742947,54.00425253765763,-2.5496577058895964,europe,europe,seab,mammal,EPI_ISL_19779798|A/Grey_Seal/England/014816/2025|H5N5|Europe|2025-02-14|nonhuman_mammal|A6
165,148,150,0.04373835738009325,2025.0137705209634,2025.0137705209634,54.06897261372966,-2.6980138099742947,54.091540884967934,-2.438319737025855,europe,europe,seab,seab,
166,150,151,0.03813563486421173,2025.0238366979238,2025.0238366979238,54.091540884967934,-2.438319737025855,54.00572584075026,-2.549298191107841,europe,europe,seab,seab,EPI_ISL_19779799|A/Greater_Black_Backed_Gull/England/014827/2025|H5N5|Europe|2025-02-14|wild_avian|A6
167,150,152,0.03813563486421173,2025.0238366979238,2025.0238366979238,54.091540884967934,-2.438319737025855,54.18172333302044,-2.1050414822777173,europe,europe,seab,mammal,
168,152,153,0.03989940479627618,2025.046652294587,2025.046652294587,54.18172333302044,-2.1050414822777173,54.02392945909019,-2.456657958375283,europe,europe,mammal,seab,
169,152,156,0.03989940479627618,2025.046652294587,2025.046652294587,54.18172333302044,-2.1050414822777173,54.00123759523352,-2.5465222142127706,europe,europe,mammal,mammal,
170,153,154,0.04407443515923718,2025.0786993799165,2025.0786993799165,54.02392945909019,-2.456657958375283,54.00521930264156,-2.546083788407434,europe,europe,seab,seab,EPI_ISL_19779796|A/Herring_Gull/England/014794/2025|H5N5|Europe|2025-02-14|wild_avian|A6
171,153,155,0.04407443515923718,2025.0786993799165,2025.0786993799165,54.02392945909019,-2.456657958375283,54.00218095252084,-2.5468176420450743,europe,europe,seab,mammal,EPI_ISL_19779800|A/Grey_Seal/England/014913/2025|H5N5|Europe|2025-02-14|nonhuman_mammal|A6
172,156,157,0.06232426842692864,2025.07591142791,2025.07591142791,54.00123759523352,-2.5465222142127706,54.00415105105208,-2.546042617767609,europe,europe,mammal,mammal,EPI_ISL_19756937|A/Seal/England/011870/2025|H5N5|Europe|2025-02-05|nonhuman_mammal|A6
173,156,158,0.06232426842692864,2025.07591142791,2025.07591142791,54.00123759523352,-2.5465222142127706,54.004835244494544,-2.548873778222191,europe,europe,mammal,mammal,EPI_ISL_19756936|A/Seal/England/011869/2025|H5N5|Europe|2025-02-05|nonhuman_mammal|A6
174,160,164,0.06762645233878387,2025.089448730531,2025.089448730531,54.03389873533049,-2.512363991912707,54.001770884649744,-2.548991393923803,europe,europe,seab,seab,EPI_ISL_19901984|A/Fulmar/England/016619/2025|H5N5|Europe|2025-02-14|wild_avian|A6
175,160,161,0.06762645233878387,2025.089448730531,2025.089448730531,54.03389873533049,-2.512363991912707,54.01480637720362,-2.526679190341149,europe,europe,seab,seab,
176,161,162,0.017520634104886086,2025.1061269974105,2025.1061269974105,54.01480637720362,-2.526679190341149,54.00568175896536,-2.550264423603,europe,europe,seab,seab,EPI_ISL_19896367|A/Fulmar/England/016501/2025|H5N5|Europe|2025-02-14|wild_avian|A6
177,161,163,0.017520634104886086,2025.1061269974105,2025.1061269974105,54.01480637720362,-2.526679190341149,54.004757491149405,-2.5488772102628965,europe,europe,seab,seab,EPI_ISL_19901982|A/Fulmar/England/016621/2025|H5N5|Europe|2025-02-14|wild_avian|A6
178,167,177,0.029119204824959884,2024.7211583960807,2024.7211583960807,60.9554191043151,4.347642898074118,61.26714338309321,3.7586672570871418,europe,europe,seab,seab,
179,167,168,0.029119204824959884,2024.7211583960807,2024.7211583960807,60.9554191043151,4.347642898074118,60.91062656403444,3.1208216041414647,europe,europe,seab,seab,
180,168,169,0.03727699957718484,2024.7479868308694,2024.7479868308694,60.91062656403444,3.1208216041414647,60.20497605862612,-2.2662625248670696,europe,europe,seab,seab,
181,168,172,0.03727699957718484,2024.7479868308694,2024.7479868308694,60.91062656403444,3.1208216041414647,61.82571126114006,5.773422428957936,europe,europe,seab,seab,
182,169,171,0.03429765827952657,2024.783871295209,2024.783871295209,60.20497605862612,-2.2662625248670696,65.00060036773439,-17.99833474402802,europe,europe,seab,gds,EPI_ISL_20142255|A/Greylag_goose/Iceland/2025AI03228/2025|H5N5|Europe|2025-02-13|wild_avian|A6
183,169,170,0.03429765827952657,2024.783871295209,2024.783871295209,60.20497605862612,-2.2662625248670696,47.479747671147436,-52.79530820714082,europe,east-canada,seab,seab,EPI_ISL_19750602|A/Black-Legged_Kittiwake/NL/OTH-0111-5/2024|H5N5|North_America|2024-11-15|wild_avian|A6
184,172,176,0.041864326191804496,2024.7950092662527,2024.7950092662527,61.82571126114006,5.773422428957936,63.987326910896094,12.306807349662517,europe,europe,seab,mammal,EPI_ISL_19661724|A/Lynx/Norway/2024-04-36256/2024|H5N5|Europe|2024-12-18|nonhuman_mammal|A6
185,172,173,0.041864326191804496,2024.7950092662527,2024.7950092662527,61.82571126114006,5.773422428957936,63.563876909820365,9.214745820546316,europe,europe,seab,seab,
186,173,174,0.27053383118331575,2025.1303042715294,2025.1303042715294,63.563876909820365,9.214745820546316,55.956270000000366,10.07469000000014,europe,europe,seab,seab,EPI_ISL_20349597|A/black-headed_gull/Denmark/00376-1.01/2026|H5N5|Europe|2026-01-20|wild_avian|A6
187,173,175,0.27053383118331575,2025.1303042715294,2025.1303042715294,63.563876909820365,9.214745820546316,78.63360452114621,21.995419782687993,europe,europe,seab,mammal,EPI_ISL_20180979|A/Arctic_fox/Norway/2025-04-21457-1-4/2025|H5N5|Europe|2025-08-28|nonhuman_mammal|A6
188,177,181,0.056981878101818595,2024.7709596061316,2024.7709596061316,61.26714338309321,3.7586672570871418,62.92487878977444,9.98146103744876,europe,europe,seab,seab,
189,177,178,0.056981878101818595,2024.7709596061316,2024.7709596061316,61.26714338309321,3.7586672570871418,60.68232887907445,-1.9823179631858967,europe,europe,seab,seab,
190,178,179,0.11119435436607072,2024.8554587314654,2024.8554587314654,60.68232887907445,-1.9823179631858967,54.00115494515009,-2.5475083545116393,europe,europe,seab,bdpr,EPI_ISL_19800935|A/Barn_Owl/Scotland/014863/2025|H5N5|Europe|2025-02-19|wild_avian|A6
191,178,180,0.11119435436607072,2024.8554587314654,2024.8554587314654,60.68232887907445,-1.9823179631858967,65.00044877881587,-17.999511062909846,europe,europe,seab,seab,EPI_ISL_19704717|A/Black-legged_Kittiwake/Iceland/2025AI00596/2024|H5N5|Europe|2024-12-12|wild_avian|A6
192,181,183,0.2354576886283188,2024.9893418226445,2024.9893418226445,62.92487878977444,9.98146103744876,63.99010223373279,12.309025092764879,europe,europe,seab,seab,EPI_ISL_20144826|A/Common_gull/Norway/2025-07-1985-1-1/2025|H5N5|Europe|2025-07-30|wild_avian|A6
193,181,182,0.2354576886283188,2024.9893418226445,2024.9893418226445,62.92487878977444,9.98146103744876,63.993124502762925,12.307208104245486,europe,europe,seab,scav,EPI_ISL_19907403|A/Raven/Norway/2025-07-1040-1-1/2025|H5N5|Europe|2025-05-29|wild_avian|A6
194,185,197,0.2966825400942028,2024.5043963253713,2024.5043963253713,65.4193451667182,12.757546845749378,78.6348738875624,21.994579971786838,europe,europe,seab,seab,EPI_ISL_20216223|A/Glaucous_gull/Norway/2025-07-2990-5-1/2025|H5N5|Europe|2025-09-24|wild_avian|A6
195,185,186,0.2966825400942028,2024.5043963253713,2024.5043963253713,65.4193451667182,12.757546845749378,65.8179118544909,13.414142525344868,europe,europe,seab,seab,
196,186,187,0.06551155137887754,2024.5633470791279,2024.5633470791279,65.8179118544909,13.414142525344868,64.02586040199633,12.365684257985079,europe,europe,seab,seab,
197,186,190,0.06551155137887754,2024.5633470791279,2024.5633470791279,65.8179118544909,13.414142525344868,66.13525495324767,13.935909813896528,europe,europe,seab,seab,
198,187,188,0.18686474698623665,2024.76445256805,2024.76445256805,64.02586040199633,12.365684257985079,63.991442377256035,12.306985909841922,europe,europe,seab,gds,EPI_ISL_19561786|A/Duck/Norway/2024-07-3002-2/2024|H5N5|Europe|2024-11-12|wild_avian|A6
199,187,189,0.18686474698623665,2024.76445256805,2024.76445256805,64.02586040199633,12.365684257985079,63.99024808948122,12.308404197559396,europe,europe,seab,grdbd,EPI_ISL_19561783|A/Chicken/Norway/2024-07-3002-5/2024|H5N5|Europe|2024-11-12|domestic_avian|A6
200,190,191,0.0556264058318521,2024.6362093040093,2024.6362093040093,66.13525495324767,13.935909813896528,52.31216635904458,5.461116701125325,europe,europe,seab,scav,EPI_ISL_19610543|A/Common_Buzzard/Netherlands/24030131-001/2024|H5N5|Europe|2024-11-26|wild_avian|A6
201,190,192,0.0556264058318521,2024.6362093040093,2024.6362093040093,66.13525495324767,13.935909813896528,78.3619249245802,21.748126884260763,europe,europe,seab,mammal,
202,192,196,0.81212356679297,2025.486679176927,2025.486679176927,78.3619249245802,21.748126884260763,78.63397108991813,21.99722871828604,europe,europe,mammal,mammal,EPI_ISL_20230160|A/Arctic_fox/Norway/2025-04-19222-1-2/2025|H5N5|Europe|2025-07-25|nonhuman_mammal|A6
203,192,193,0.81212356679297,2025.486679176927,2025.486679176927,78.3619249245802,21.748126884260763,78.60014748881919,21.88010446161359,europe,europe,mammal,mammal,
204,193,194,0.03546008285563539,2025.5263121377727,2025.5263121377727,78.60014748881919,21.88010446161359,78.63447739180393,21.997770728278343,europe,europe,mammal,mammal,EPI_ISL_20127327|A/Arctic_fox/Norway/2025-04-19222-2-2/2025|H5N5|Europe|2025-07-25|nonhuman_mammal|A6
205,193,195,0.03546008285563539,2025.5263121377727,2025.5263121377727,78.60014748881919,21.88010446161359,78.63572187669206,21.995760020780047,europe,europe,mammal,mammal,EPI_ISL_20127650|A/Arctic_fox/Norway/2025-04-19222-3-2/2025|H5N5|Europe|2025-07-25|nonhuman_mammal|A6
206,198,199,0.6312008069389435,2024.577719227872,2024.577719227872,63.42560634119179,3.9277909622611626,63.76428438897393,9.076048093978079,europe,europe,seab,seab,
207,198,204,0.6312008069389435,2024.577719227872,2024.577719227872,63.42560634119179,3.9277909622611626,63.33520222024217,-2.7543680041667016,europe,europe,seab,mammal,
208,199,203,0.1119698001338394,2024.6896142541368,2024.6896142541368,63.76428438897393,9.076048093978079,63.99187537019843,12.310698022228346,europe,europe,seab,seab,EPI_ISL_20127651|A/Common_gull/Norway/2025-07-1759-1-1/2025|H5N5|Europe|2025-07-15|wild_avian|A6
209,199,200,0.1119698001338394,2024.6896142541368,2024.6896142541368,63.76428438897393,9.076048093978079,63.99013718951006,12.306118138017885,europe,europe,seab,seab,
210,200,201,0.15850158887890214,2024.8480387953673,2024.8480387953673,63.99013718951006,12.306118138017885,63.98602600744458,12.30710369232668,europe,europe,seab,seab,EPI_ISL_19561787|A/Gull/Norway/2024-07-3000-2/2024|H5N5|Europe|2024-11-12|wild_avian|A6
211,200,202,0.15850158887890214,2024.8480387953673,2024.8480387953673,63.99013718951006,12.306118138017885,63.99194292756419,12.306246461773616,europe,europe,seab,seab,EPI_ISL_19575904|A/Great_black-backed_gull/Norway/2024-07-3000-1T/2024|H5N5|Europe|2024-11-12|wild_avian|A6
212,204,205,0.11666214310037167,2024.6949008312304,2024.6949008312304,63.33520222024217,-2.7543680041667016,46.54106999999949,-63.63407000000006,europe,east-canada,mammal,mammal,EPI_ISL_19750595|A/Red_Fox/PEI/FAV-0417-1/2024|H5N5|North_America|2024-11-26|nonhuman_mammal|A6
213,204,206,0.11666214310037167,2024.6949008312304,2024.6949008312304,63.33520222024217,-2.7543680041667016,63.45839382311095,-5.236757146658257,europe,europe,mammal,mammal,
214,206,210,0.04879902017219984,2024.7490233978017,2024.7490233978017,63.45839382311095,-5.236757146658257,63.984632708987206,11.787164886324783,europe,europe,mammal,mammal,
215,206,207,0.04879902017219984,2024.7490233978017,2024.7490233978017,63.45839382311095,-5.236757146658257,64.2730159155551,-14.065439672084576,europe,europe,mammal,mammal,
216,207,208,0.08363105530997501,2024.8273622333456,2024.8273622333456,64.2730159155551,-14.065439672084576,64.99922772946185,-18.000360234460967,europe,europe,mammal,seab,EPI_ISL_20142265|A/Iceland_gull/Iceland/2025AI03229/2025|H5N5|Europe|2025-03-07|wild_avian|A6
217,207,209,0.08363105530997501,2024.8273622333456,2024.8273622333456,64.2730159155551,-14.065439672084576,64.99707711645014,-18.00011021878609,europe,europe,mammal,mammal,EPI_ISL_19704719|A/cat/Iceland/2025AI00605/2024|H5N5|Europe|2024-12-23|nonhuman_mammal|A6
218,210,211,0.42057010998876293,2025.1292011177115,2025.1292011177115,63.984632708987206,11.787164886324783,63.990323301090406,12.306241028339624,europe,europe,mammal,mammal,EPI_ISL_19880213|A/Red_fox/Norway/2025-80-74/2025|H5N5|Europe|2025-04-10|nonhuman_mammal|A6
219,210,212,0.42057010998876293,2025.1292011177115,2025.1292011177115,63.984632708987206,11.787164886324783,63.990591414888456,12.307927413837097,europe,europe,mammal,mammal,EPI_ISL_20068179|A/Red_Fox/Norway/2025-80-74-1-15/2025|H5N5|Europe|2025-04-10|nonhuman_mammal|A6
220,213,333,0.03862076268921033,2023.411040281165,2023.411040281165,59.6751839414388,5.679972354385203,58.52023141196682,0.3981414627482759,europe,europe,seab,seab,
221,213,214,0.03862076268921033,2023.411040281165,2023.411040281165,59.6751839414388,5.679972354385203,58.53942498417955,-6.741100074508404,europe,europe,seab,seab,
222,214,332,0.02945977703493129,2023.3670727289527,2023.3670727289527,58.53942498417955,-6.741100074508404,63.99038086159412,12.306524408720849,europe,europe,seab,seab,EPI_ISL_19234791|A/Gull/Norway/2023-07-2935-1/2023|H5N5|Europe|2023-10-04|wild_avian|A6
223,214,215,0.02945977703493129,2023.3670727289527,2023.3670727289527,58.53942498417955,-6.741100074508404,60.936153039705005,-4.371284796589003,europe,europe,seab,seab,
224,215,216,0.17967077455752528,2023.5505293477547,2023.5505293477547,60.936153039705005,-4.371284796589003,78.63793828819239,21.99567137080688,europe,europe,seab,seab,EPI_ISL_18963391|A/Sand_piper/Norway/2023-07-2521/2023|H5N5|Europe|2023-09-18|wild_avian|A6
225,215,217,0.17967077455752528,2023.5505293477547,2023.5505293477547,60.936153039705005,-4.371284796589003,58.523857736563286,-8.371933127347756,europe,europe,seab,seab,
226,217,293,0.43376571883211995,2023.9862337640423,2023.9862337640423,58.523857736563286,-8.371933127347756,56.51545046449027,-3.1173696898522056,europe,europe,seab,seab,
227,217,218,0.43376571883211995,2023.9862337640423,2023.9862337640423,58.523857736563286,-8.371933127347756,59.01525004789534,-11.624245322438663,europe,europe,seab,seab,
228,218,219,0.25950303294012966,2024.1565557339568,2024.1565557339568,59.01525004789534,-11.624245322438663,60.713063225210085,-10.049999659778784,europe,europe,seab,seab,
229,218,226,0.25950303294012966,2024.1565557339568,2024.1565557339568,59.01525004789534,-11.624245322438663,58.598679505359485,-13.135982101524359,europe,europe,seab,seab,
230,219,225,0.09113839093016926,2024.28617122043,2024.28617122043,60.713063225210085,-10.049999659778784,63.99053226383216,12.305313180134805,europe,europe,seab,seab,EPI_ISL_19510870|A/European_herring_gullNorway/2024-07-2365/2024|H5N5|Europe|2024-09-27|wild_avian|A6
231,219,220,0.09113839093016926,2024.28617122043,2024.28617122043,60.713063225210085,-10.049999659778784,63.684234947141704,-15.673069995733258,europe,europe,seab,seab,
232,220,221,0.3420149631484055,2024.6101359912234,2024.6101359912234,63.684234947141704,-15.673069995733258,64.99969959208623,-18.000520042963505,europe,europe,seab,scav,EPI_ISL_19704708|A/Common_raven/Iceland/2024AI04842/2024|H5N5|Europe|2024-09-22|wild_avian|A6
233,220,222,0.3420149631484055,2024.6101359912234,2024.6101359912234,63.684234947141704,-15.673069995733258,63.55474350579892,-15.515700151178022,europe,europe,seab,seab,
234,222,223,0.10869429134227886,2024.7188302825657,2024.7188302825657,63.55474350579892,-15.515700151178022,52.3110330810728,5.46200929281186,europe,europe,seab,seab,EPI_ISL_19696452|A/Black-headed_Gull/Netherlands/24030889-002/2024|H5N5|Europe|2024-12-08|wild_avian|A6
235,222,224,0.10869429134227886,2024.7188302825657,2024.7188302825657,63.55474350579892,-15.515700151178022,65.00113781207446,-17.997932600796084,europe,europe,seab,grdbd,EPI_ISL_19704713|A/Turkey/Iceland/2024AI05124/2024|H5N5|Europe|2024-12-03|domestic_avian|A6
236,226,227,0.09411912981904279,2024.2501189717243,2024.2501189717243,58.598679505359485,-13.135982101524359,60.40200002784334,-6.591091672582137,europe,europe,seab,seab,
237,226,234,0.09411912981904279,2024.2501189717243,2024.2501189717243,58.598679505359485,-13.135982101524359,47.113223848663196,-52.30937326312886,europe,east-canada,seab,seab,
238,227,228,0.07807244785914545,2024.2963305861922,2024.2963305861922,60.40200002784334,-6.591091672582137,62.71600487830199,-7.1948062086187585,europe,europe,seab,seab,
239,227,231,0.07807244785914545,2024.2963305861922,2024.2963305861922,60.40200002784334,-6.591091672582137,62.8292856081074,6.410363958065171,europe,europe,seab,seab,
240,228,229,0.42427779066684,2024.6603926109765,2024.6603926109765,62.71600487830199,-7.1948062086187585,63.99120902551948,12.307806930690543,europe,europe,seab,scav,EPI_ISL_19596152|A/Crow/Norway/2024-07-3052-K/2024|H5N5|Europe|2024-11-22|wild_avian|A6
241,228,230,0.42427779066684,2024.6603926109765,2024.6603926109765,62.71600487830199,-7.1948062086187585,64.99784334471288,-18.00206364722577,europe,europe,seab,seab,EPI_ISL_19704711|A/European_herring_gull/Iceland/2024AI05120/2024|H5N5|Europe|2024-11-22|wild_avian|A6
242,231,233,0.2670652550978074,2024.5068942663659,2024.5068942663659,62.8292856081074,6.410363958065171,63.99090594346136,12.305462539178064,europe,europe,seab,scav,EPI_ISL_19550894|A/Crow/Norway/2024-07-2937-4/2024|H5N5|Europe|2024-10-31|wild_avian|A6
243,231,232,0.2670652550978074,2024.5068942663659,2024.5068942663659,62.8292856081074,6.410363958065171,63.98959862721255,12.307908857052201,europe,europe,seab,mammal,EPI_ISL_19701146|A/Otter/Norway/2024-80-165/2024|H5N5|Europe|2024-10-14|nonhuman_mammal|A6
244,234,290,0.33083488610574374,2024.553855841269,2024.553855841269,47.113223848663196,-52.30937326312886,44.899169207857895,-63.15855708725718,east-canada,east-canada,seab,seab,
245,234,235,0.33083488610574374,2024.553855841269,2024.553855841269,47.113223848663196,-52.30937326312886,45.80730078516715,-57.38315736611367,east-canada,east-canada,seab,seab,
246,235,279,0.04621171036753604,2024.5940018665515,2024.5940018665515,45.80730078516715,-57.38315736611367,44.12774523503729,-61.2273586892259,east-canada,east-canada,seab,seab,
247,235,236,0.04621171036753604,2024.5940018665515,2024.5940018665515,45.80730078516715,-57.38315736611367,44.45811437652884,-61.47693598571243,east-canada,east-canada,seab,seab,
248,236,237,0.03689842983792868,2024.6868801375215,2024.6868801375215,44.45811437652884,-61.47693598571243,44.59365439084373,-61.99696099091121,east-canada,east-canada,seab,seab,
249,236,254,0.03689842983792868,2024.6868801375215,2024.6868801375215,44.45811437652884,-61.47693598571243,44.45042628217871,-61.578844848212704,east-canada,east-canada,seab,seab,
250,237,238,0.041163381950113376,2024.7280435194716,2024.7280435194716,44.59365439084373,-61.99696099091121,45.350791452572984,-61.225065408479864,east-canada,east-canada,seab,seab,
251,237,245,0.041163381950113376,2024.7280435194716,2024.7280435194716,44.59365439084373,-61.99696099091121,46.1316192358962,-55.814512945968914,east-canada,east-canada,seab,seab,
252,238,239,0.056895365345079434,2024.7359575492496,2024.7359575492496,45.350791452572984,-61.225065408479864,45.84885574343127,-57.57807515648163,east-canada,east-canada,seab,seab,
253,238,242,0.056895365345079434,2024.7359575492496,2024.7359575492496,45.350791452572984,-61.225065408479864,45.20833269805619,-62.848267904327486,east-canada,east-canada,seab,seab,
254,239,241,0.08133709036096534,2024.8326888860815,2024.8326888860815,45.84885574343127,-57.57807515648163,43.93373568788207,-59.91723531145984,east-canada,east-canada,seab,seab,EPI_ISL_20067334|A/Herring_Gull/NS/FAV-0186-7/2025|H5N5|North_America|2025-04-26|wild_avian|A6
255,239,240,0.08133709036096534,2024.8326888860815,2024.8326888860815,45.84885574343127,-57.57807515648163,47.48308099724791,-52.799608583414,east-canada,east-canada,seab,seab,EPI_ISL_19750604|A/Great_Black-Backed_Gull/NL/OTH-0115-35/2024|H5N5|North_America|2024-11-27|wild_avian|A6
256,242,244,0.03385846613559458,2024.7640880829824,2024.7640880829824,45.20833269805619,-62.848267904327486,46.23281467893236,-63.12814171715261,east-canada,east-canada,seab,mammal,EPI_ISL_20067289|A/Striped_Skunk/PEI/FAV-0091-1/2025|H5N5|North_America|2025-03-07|nonhuman_mammal|A6
257,242,243,0.03385846613559458,2024.7640880829824,2024.7640880829824,45.20833269805619,-62.848267904327486,44.18838999999991,-66.16167000000088,east-canada,east-canada,seab,seab,EPI_ISL_19750591|A/Great_Black-Backed_Gull/NS/FAV-0393-1/2024|H5N5|North_America|2024-11-08|wild_avian|A6
258,245,253,0.032883601390294497,2024.7004295408933,2024.7004295408933,46.1316192358962,-55.814512945968914,47.48169845725995,-52.79523375914663,east-canada,east-canada,seab,seab,EPI_ISL_19750600|A/Herring_Gull/NL/OTH-0111-3/2024|H5N5|North_America|2024-11-02|wild_avian|A6
259,245,246,0.032883601390294497,2024.7004295408933,2024.7004295408933,46.1316192358962,-55.814512945968914,44.80742281979065,-58.68778217266329,east-canada,east-canada,seab,seab,
260,246,252,0.015993399087494847,2024.7100536631015,2024.7100536631015,44.80742281979065,-58.68778217266329,43.93233999948115,-59.914550251246716,east-canada,east-canada,seab,seab,EPI_ISL_19750589|A/Great_Black-Backed_Gull/NS/FAV-0380-2/2024|H5N5|North_America|2024-10-13|wild_avian|A6
261,246,247,0.015993399087494847,2024.7100536631015,2024.7100536631015,44.80742281979065,-58.68778217266329,46.28432436993377,-55.4619347912754,east-canada,east-canada,seab,seab,
262,247,251,0.06282813134710206,2024.7400109131802,2024.7400109131802,46.28432436993377,-55.4619347912754,47.244890000001,-52.84101999999985,east-canada,east-canada,seab,seab,EPI_ISL_19750603|A/Black-Legged_Kittiwake/NL/OTH-0115-32/2024|H5N5|North_America|2024-11-24|wild_avian|A6
263,247,248,0.06282813134710206,2024.7400109131802,2024.7400109131802,46.28432436993377,-55.4619347912754,46.05721823509347,-55.740415293354054,east-canada,east-canada,seab,seab,
264,248,250,0.06508816553726782,2024.8043664371032,2024.8043664371032,46.05721823509347,-55.740415293354054,47.485350455862275,-52.79661246454558,east-canada,east-canada,seab,seab,EPI_ISL_19750615|A/Herring_Gull/NL/FAV-0042-9/2025|H5N5|North_America|2024-12-22|wild_avian|A6
265,248,249,0.06508816553726782,2024.8043664371032,2024.8043664371032,46.05721823509347,-55.740415293354054,43.931038311207296,-59.91651136745702,east-canada,east-canada,seab,seab,EPI_ISL_19750607|A/Great_Black-Backed_Gull/NS/FAV-0026-2/2025|H5N5|North_America|2024-12-10|wild_avian|A6
266,254,270,0.007144483968018811,2024.6940246214895,2024.6940246214895,44.45042628217871,-61.578844848212704,43.913951037754565,-60.61522729353508,east-canada,east-canada,seab,seab,
267,254,255,0.007144483968018811,2024.6940246214895,2024.6940246214895,44.45042628217871,-61.578844848212704,44.67915649692004,-59.5266992285535,east-canada,east-canada,seab,seab,
268,255,256,0.03383807632973273,2024.691034114496,2024.691034114496,44.67915649692004,-59.5266992285535,43.94412692318323,-59.923340869824756,east-canada,east-canada,seab,seab,
269,255,259,0.03383807632973273,2024.691034114496,2024.691034114496,44.67915649692004,-59.5266992285535,45.18609185472645,-58.86181362403773,east-canada,east-canada,seab,seab,
270,256,257,0.20167571723181574,2024.9033192634674,2024.9033192634674,43.94412692318323,-59.923340869824756,43.93474852757922,-59.917815849828955,east-canada,east-canada,seab,seab,EPI_ISL_19750610|A/Great_Black-Backed_Gull/NS/FAV-0026-5/2025|H5N5|North_America|2024-12-10|wild_avian|A6
271,256,258,0.20167571723181574,2024.9033192634674,2024.9033192634674,43.94412692318323,-59.923340869824756,43.93614511354435,-59.91579845923662,east-canada,east-canada,seab,seab,EPI_ISL_19750612|A/Herring_Gull/NS/FAV-0026-7/2025|H5N5|North_America|2024-12-10|wild_avian|A6
272,259,267,0.0764049066202219,2024.748113940218,2024.748113940218,45.18609185472645,-58.86181362403773,45.16221304832494,-58.864877626078076,east-canada,east-canada,seab,seab,
273,259,260,0.0764049066202219,2024.748113940218,2024.748113940218,45.18609185472645,-58.86181362403773,44.844971760828216,-59.196498414637084,east-canada,east-canada,seab,seab,
274,260,266,0.01645716052386112,2024.778443461367,2024.778443461367,44.844971760828216,-59.196498414637084,43.93366936881387,-59.91843657179987,east-canada,east-canada,seab,seab,EPI_ISL_19750611|A/Great_Black-Backed_Gull/NS/FAV-0026-6/2025|H5N5|North_America|2024-12-10|wild_avian|A6
275,260,261,0.01645716052386112,2024.778443461367,2024.778443461367,44.844971760828216,-59.196498414637084,45.55269370720155,-59.0181863931029,east-canada,east-canada,seab,seab,
276,261,262,0.05651122056950337,2024.824476489309,2024.824476489309,45.55269370720155,-59.0181863931029,46.28611999999996,-63.64383999999913,east-canada,east-canada,seab,mammal,EPI_ISL_20067307|A/Cat/PEI/FAV-0136-1/2025|H5N5|North_America|2025-03-27|nonhuman_mammal|A6
277,261,263,0.05651122056950337,2024.824476489309,2024.824476489309,45.55269370720155,-59.0181863931029,45.58840734345338,-57.60971310970608,east-canada,east-canada,seab,seab,
278,263,265,0.03712778489968137,2024.8614215614912,2024.8614215614912,45.58840734345338,-57.60971310970608,43.93269809768715,-59.91549235393278,east-canada,east-canada,seab,seab,EPI_ISL_19750608|A/Iceland_Gull/NS/FAV-0026-3/2025|H5N5|North_America|2024-12-10|wild_avian|A6
279,263,264,0.03712778489968137,2024.8614215614912,2024.8614215614912,45.58840734345338,-57.60971310970608,47.48239669044116,-52.79459519082904,east-canada,east-canada,seab,seab,EPI_ISL_19750605|A/Great_Black-Backed_Gull/NL/OTH-0115-36/2024|H5N5|North_America|2024-12-03|wild_avian|A6
280,267,268,0.038100157495739535,2024.8119720883285,2024.8119720883285,45.16221304832494,-58.864877626078076,41.85138899999986,-70.0,east-canada,northeast-us,seab,seab,25-001719-001|A/herring_gull/MA/25-001719-001/2024|H5N5|North_America|2024-12-21|wild_avian|A6
281,267,269,0.038100157495739535,2024.8119720883285,2024.8119720883285,45.16221304832494,-58.864877626078076,47.4849572422707,-52.7961554343318,east-canada,east-canada,seab,seab,EPI_ISL_19750614|A/Herring_Gull/NL/FAV-0042-7/2025|H5N5|North_America|2024-12-11|wild_avian|A6
282,270,278,0.035874678340177546,2024.7298992998296,2024.7298992998296,43.913951037754565,-60.61522729353508,43.93150961043754,-59.91600314164962,east-canada,east-canada,seab,seab,EPI_ISL_19750588|A/Great_Black-Backed_Gull/NS/FAV-0380-1/2024|H5N5|North_America|2024-10-10|wild_avian|A6
283,270,271,0.035874678340177546,2024.7298992998296,2024.7298992998296,43.913951037754565,-60.61522729353508,45.51302715561332,-62.098766179293456,east-canada,east-canada,seab,seab,
284,271,277,0.03401175404345937,2024.7469729477857,2024.7469729477857,45.51302715561332,-62.098766179293456,46.23388997487729,-63.128836257231164,east-canada,east-canada,seab,scav,EPI_ISL_20067296|A/American_Crow/PEI/FAV-0124-6/2025|H5N5|North_America|2025-03-13|wild_avian|A6
285,271,272,0.03401175404345937,2024.7469729477857,2024.7469729477857,45.51302715561332,-62.098766179293456,46.00180979670024,-61.76156026377164,east-canada,east-canada,seab,seab,
286,272,276,0.0709895295926913,2024.7816829621202,2024.7816829621202,46.00180979670024,-61.76156026377164,46.507839999999156,-63.991340000000385,east-canada,east-canada,seab,seab,EPI_ISL_19750592|A/Herring_Gull/PEI/FAV-0393-2/2024|H5N5|North_America|2024-11-19|wild_avian|A6
287,272,273,0.0709895295926913,2024.7816829621202,2024.7816829621202,46.00180979670024,-61.76156026377164,46.08100708834221,-61.55451126294106,east-canada,east-canada,seab,seab,
288,273,275,0.039943318603031346,2024.831401258662,2024.831401258662,46.08100708834221,-61.55451126294106,49.329769999999506,-54.48268999999956,east-canada,east-canada,seab,grdbd,EPI_ISL_19750618|A/Chicken/NL/FAV-0053-4/2025|H5N5|North_America|2025-01-23|domestic_avian|A6
289,273,274,0.039943318603031346,2024.831401258662,2024.831401258662,46.08100708834221,-61.55451126294106,41.83105370568189,-69.97228071724346,east-canada,northeast-us,seab,bdpr,EPI_ISL_19712970|A/red-tailed_hawk/USA/001719-002/2025|H5N5|North_America|2025-01-07|wild_avian|A6
290,279,287,0.06791809552753625,2024.76217915231,2024.76217915231,44.12774523503729,-61.2273586892259,45.314286749769146,-58.945982914610305,east-canada,east-canada,seab,seab,
291,279,280,0.06791809552753625,2024.76217915231,2024.76217915231,44.12774523503729,-61.2273586892259,44.59823356855989,-59.8672216444107,east-canada,east-canada,seab,seab,
292,280,286,0.030501596976082,2024.7956079534324,2024.7956079534324,44.59823356855989,-59.8672216444107,43.93475974104903,-59.91817758964926,east-canada,east-canada,seab,seab,EPI_ISL_19750606|A/Herring_Gull/NS/FAV-0026-1/2025|H5N5|North_America|2024-12-10|wild_avian|A6
293,280,281,0.030501596976082,2024.7956079534324,2024.7956079534324,44.59823356855989,-59.8672216444107,44.165146977869206,-59.66606418308643,east-canada,east-canada,seab,seab,
294,281,285,0.3203155459664962,2025.0160142140605,2025.0160142140605,44.165146977869206,-59.66606418308643,43.93565495827462,-59.913706649239145,east-canada,east-canada,seab,seab,EPI_ISL_20067325|A/Great_Black-Backed_Gull/NS/FAV-0186-2/2025|H5N5|North_America|2025-04-26|wild_avian|A6
295,281,282,0.3203155459664962,2025.0160142140605,2025.0160142140605,44.165146977869206,-59.66606418308643,43.93090077311374,-59.92116450878176,east-canada,east-canada,seab,seab,
296,282,283,0.19696973004033272,2025.2129839441009,2025.2129839441009,43.93090077311374,-59.92116450878176,43.93521293977232,-59.92002675368635,east-canada,east-canada,seab,seab,EPI_ISL_20067340|A/Great_Black-Backed_Gull/NS/FAV-0187-3/2025|H5N5|North_America|2025-05-08|wild_avian|A6
297,282,284,0.19696973004033272,2025.2129839441009,2025.2129839441009,43.93090077311374,-59.92116450878176,43.9302071487469,-59.91810604096203,east-canada,east-canada,seab,seab,EPI_ISL_20067338|A/Iceland_Gull/NS/FAV-0187-2/2025|H5N5|North_America|2025-05-02|wild_avian|A6
298,287,289,0.06334408175506798,2024.8100087951282,2024.8100087951282,45.314286749769146,-58.945982914610305,41.621999999999765,-72.72720000000078,east-canada,northeast-us,seab,scav,25-006834-003|A/Turkey_Vulture/CT/25-006834-003-original/2025|H5N5|North_America|2025-02-25|wild_avian|A6
299,287,288,0.06334408175506798,2024.8100087951282,2024.8100087951282,45.314286749769146,-58.945982914610305,47.48159398770973,-52.79282534511169,east-canada,east-canada,seab,seab,EPI_ISL_19750613|A/Great_Black-Backed_Gull/NL/FAV-0042-10/2025|H5N5|North_America|2025-01-12|wild_avian|A6
300,290,292,0.11490273449053667,2024.7658786740267,2024.7658786740267,44.899169207857895,-63.15855708725718,45.104500000000634,-64.30649000000086,east-canada,east-canada,seab,mammal,EPI_ISL_20067320|A/Red_Fox/NS/FAV-0171-1/2025|H5N5|North_America|2025-05-04|nonhuman_mammal|A6
301,290,291,0.11490273449053667,2024.7658786740267,2024.7658786740267,44.899169207857895,-63.15855708725718,44.64479961738322,-63.57474090188265,east-canada,east-canada,seab,seab,EPI_ISL_19750617|A/Herring_Gull/NS/FAV-0050-2/2025|H5N5|North_America|2024-11-12|wild_avian|A6
302,293,294,0.20604386784890674,2024.2013893069955,2024.2013893069955,56.51545046449027,-3.1173696898522056,50.6401680000002,4.666682000000031,europe,europe,seab,seab,EPI_ISL_19536849|A/Larus_canus/Belgium/14463_0003/2024_
303,293,295,0.20604386784890674,2024.2013893069955,2024.2013893069955,56.51545046449027,-3.1173696898522056,56.28017185703836,-1.4025982129531505,europe,europe,seab,seab,
304,295,331,0.12211120594231739,2024.3209757515917,2024.3209757515917,56.28017185703836,-1.4025982129531505,63.98962387915718,12.309324018043174,europe,europe,seab,seab,EPI_ISL_19510838|A/Great_black-backed_gull/Norway/2024-07-2502-1/2024|H5N5|Europe|2024-10-07|wild_avian|A6
305,295,296,0.12211120594231739,2024.3209757515917,2024.3209757515917,56.28017185703836,-1.4025982129531505,54.7511648895258,-2.2956730859322607,europe,europe,seab,seab,
306,296,326,0.1027200460560742,2024.4236957976477,2024.4236957976477,54.7511648895258,-2.2956730859322607,54.015895684063906,-2.5320447094988046,europe,europe,seab,seab,
307,296,297,0.1027200460560742,2024.4236957976477,2024.4236957976477,54.7511648895258,-2.2956730859322607,54.25688669621968,-2.518621876896041,europe,europe,seab,seab,
308,297,298,0.044734149805593135,2024.4704960891836,2024.4704960891836,54.25688669621968,-2.518621876896041,54.087295178738536,-2.5742628530721787,europe,europe,seab,seab,
309,297,309,0.044734149805593135,2024.4704960891836,2024.4704960891836,54.25688669621968,-2.518621876896041,54.048272267515735,-2.5632207877095086,europe,europe,seab,seab,
310,298,299,0.1066164326118026,2024.5648678973103,2024.5648678973103,54.087295178738536,-2.5742628530721787,53.99741515512553,-2.666396782315028,europe,europe,seab,seab,
311,298,304,0.1066164326118026,2024.5648678973103,2024.5648678973103,54.087295178738536,-2.5742628530721787,54.039845446767096,-2.5038550302096403,europe,europe,seab,seab,
312,299,300,0.05187283230788388,2024.6505663719777,2024.6505663719777,53.99741515512553,-2.666396782315028,54.00447160381798,-2.5463320736978816,europe,europe,seab,scav,EPI_ISL_19611318|A/Common_Buzzard/England/416223/2024|H5N5|Europe|2024-10-01|wild_avian|A6
313,299,301,0.05187283230788388,2024.6505663719777,2024.6505663719777,53.99741515512553,-2.666396782315028,54.00576393027867,-2.5584569145404505,europe,europe,seab,grdbd,
314,301,302,0.1058668792304419,2024.739300894671,2024.739300894671,54.00576393027867,-2.5584569145404505,54.005227089144064,-2.5473440310501227,europe,europe,grdbd,grdbd,EPI_ISL_19611319|A/Pheasant/England/416802/2024|H5N5|Europe|2024-10-31|domestic_avian|A6
315,301,303,0.1058668792304419,2024.739300894671,2024.739300894671,54.00576393027867,-2.5584569145404505,54.00625590989064,-2.547577759730372,europe,europe,grdbd,grdbd,EPI_ISL_19611320|A/Pheasant/England/416803/2024|H5N5|Europe|2024-10-31|domestic_avian|A6
316,304,308,0.05260210953383123,2024.6314277601905,2024.6314277601905,54.039845446767096,-2.5038550302096403,54.00518238542685,-2.5480494802141562,europe,europe,seab,grdbd,EPI_ISL_19521516|A/Pheasant/England/044085/2024|H5N5|Europe|2024-09-23|domestic_avian|A6
317,304,305,0.05260210953383123,2024.6314277601905,2024.6314277601905,54.039845446767096,-2.5038550302096403,54.00974001119519,-2.548134842441255,europe,europe,seab,seab,
318,305,306,0.049726060518303423,2024.6698856633539,2024.6698856633539,54.00974001119519,-2.548134842441255,54.005992596205225,-2.5460570110357,europe,europe,seab,seab,EPI_ISL_19521515|A/Great_Skua/Scotland/043869/2024|H5N5|Europe|2024-09-19|wild_avian|A6
319,305,307,0.049726060518303423,2024.6698856633539,2024.6698856633539,54.00974001119519,-2.548134842441255,54.00618127472142,-2.547096762816794,europe,europe,seab,seab,EPI_ISL_19521511|A/Great_Skua/Scotland/043851/2024|H5N5|Europe|2024-09-17|wild_avian|A6
320,309,325,0.043348328869486315,2024.5116387319488,2024.5116387319488,54.048272267515735,-2.5632207877095086,54.00342105294682,-2.5458832338300996,europe,europe,seab,seab,EPI_ISL_19521528|A/Great_Black_Backed_Gull/England/046080/2024|H5N5|Europe|2024-10-04|wild_avian|A6
321,309,310,0.043348328869486315,2024.5116387319488,2024.5116387319488,54.048272267515735,-2.5632207877095086,54.018683906077044,-2.6065730197704076,europe,europe,seab,seab,
322,310,311,0.05285769648176894,2024.5578246137147,2024.5578246137147,54.018683906077044,-2.6065730197704076,54.0040430773066,-2.5479355184142802,europe,europe,seab,seab,EPI_ISL_19521536|A/Herring_Gull/England/141004/2024|H5N5|Europe|2024-10-04|wild_avian|A6
323,310,312,0.05285769648176894,2024.5578246137147,2024.5578246137147,54.018683906077044,-2.6065730197704076,53.988264212451035,-2.596491801333938,europe,europe,seab,seab,
324,312,313,0.03443490626113274,2024.5945266957883,2024.5945266957883,53.988264212451035,-2.596491801333938,53.98010821625633,-2.52385280206081,europe,europe,seab,seab,
325,312,318,0.03443490626113274,2024.5945266957883,2024.5945266957883,53.988264212451035,-2.596491801333938,54.013077838679486,-2.556169547332183,europe,europe,seab,seab,
326,313,314,0.03285448092196745,2024.620408115476,2024.620408115476,53.98010821625633,-2.52385280206081,54.003210546266,-2.5506491036425434,europe,europe,seab,seab,EPI_ISL_19521514|A/Great_Black-Backed_Gull/Scotland/043866/2024|H5N5|Europe|2024-09-19|wild_avian|A6
327,313,315,0.03285448092196745,2024.620408115476,2024.620408115476,53.98010821625633,-2.52385280206081,54.02522872544385,-2.4753977291015583,europe,europe,seab,seab,
328,315,316,0.038000741723045024,2024.652251158239,2024.652251158239,54.02522872544385,-2.4753977291015583,54.00437994684107,-2.547112111557746,europe,europe,seab,seab,EPI_ISL_19521530|A/Great_Black_Backed_Gull/Scotland/044478/2024|H5N5|Europe|2024-09-23|wild_avian|A6
329,315,317,0.038000741723045024,2024.652251158239,2024.652251158239,54.02522872544385,-2.4753977291015583,54.0029611001391,-2.5451588174491073,europe,europe,seab,seab,EPI_ISL_19521512|A/Great_Black-Backed_Gull/Scotland/043863/2024|H5N5|Europe|2024-09-19|wild_avian|A6
330,318,319,0.029528648252277044,2024.6344324213142,2024.6344324213142,54.013077838679486,-2.556169547332183,54.00247428165852,-2.549234285431244,europe,europe,seab,grdbd,EPI_ISL_19902019|A/Chicken/England/050610/2024|H5N5|Europe|2024-11-04|domestic_avian|A6
331,318,320,0.029528648252277044,2024.6344324213142,2024.6344324213142,54.013077838679486,-2.556169547332183,53.98746458048149,-2.482363706568651,europe,europe,seab,seab,
332,320,321,0.017771620893836992,2024.6507860875383,2024.6507860875383,53.98746458048149,-2.482363706568651,54.00576204307696,-2.550634127026337,europe,europe,seab,seab,EPI_ISL_19896333|A/Gannet/Scotland/046981/2024|H5N5|Europe|2024-10-11|wild_avian|A6
333,320,322,0.017771620893836992,2024.6507860875383,2024.6507860875383,53.98746458048149,-2.482363706568651,54.00696722293451,-2.516494531129494,europe,europe,seab,seab,
334,322,323,0.02173661047489732,2024.6615040251038,2024.6615040251038,54.00696722293451,-2.516494531129494,54.00426337352425,-2.544492557038917,europe,europe,seab,bdpr,EPI_ISL_19902018|A/Red_Kite/England/055216/2024|H5N5|Europe|2024-11-13|wild_avian|A6
335,322,324,0.02173661047489732,2024.6615040251038,2024.6615040251038,54.00696722293451,-2.516494531129494,54.00550901959427,-2.5459179300943036,europe,europe,seab,seab,EPI_ISL_19521537|A/Herring_Gull/England/141013/2024|H5N5|Europe|2024-10-08|wild_avian|A6
336,326,327,0.20781138901522306,2024.633333606547,2024.633333606547,54.015895684063906,-2.5320447094988046,54.001120064969136,-2.545683938633711,europe,europe,seab,seab,EPI_ISL_19521532|A/Herring_Gull/England/140534/2024|H5N5|Europe|2024-09-25|wild_avian|A6
337,326,328,0.20781138901522306,2024.633333606547,2024.633333606547,54.015895684063906,-2.5320447094988046,54.00216229559082,-2.5200541851776386,europe,europe,seab,seab,
338,328,329,0.02579965857882666,2024.6631627115041,2024.6631627115041,54.00216229559082,-2.5200541851776386,54.00158710976907,-2.5478721961539073,europe,europe,seab,seab,EPI_ISL_19521519|A/Common_Gull/England/140529/2024|H5N5|Europe|2024-09-25|wild_avian|A6
339,328,330,0.02579965857882666,2024.6631627115041,2024.6631627115041,54.00216229559082,-2.5200541851776386,54.00599769454643,-2.54662443928553,europe,europe,seab,seab,EPI_ISL_19521518|A/Common_Gull/England/140522/2024|H5N5|Europe|2024-09-25|wild_avian|A6
340,333,334,0.06059679639931266,2023.5220431681296,2023.5220431681296,58.52023141196682,0.3981414627482759,63.983740790176256,12.252866293516213,europe,europe,seab,mammal,
341,333,337,0.06059679639931266,2023.5220431681296,2023.5220431681296,58.52023141196682,0.3981414627482759,56.14169914893538,-6.280273089385944,europe,europe,seab,seab,
342,334,335,0.4584991216818164,2024.098444241505,2024.098444241505,63.983740790176256,12.252866293516213,63.98885885264359,12.309432093137723,europe,europe,mammal,mammal,EPI_ISL_19232151|A/Red_fox/Norway/2024-80-16-1/2024|H5N5|Europe|2024-02-21|nonhuman_mammal|A6
343,334,336,0.4584991216818164,2024.098444241505,2024.098444241505,63.983740790176256,12.252866293516213,63.98946872780979,12.307684783743754,europe,europe,mammal,mammal,EPI_ISL_19232150|A/Red_fox/Norway/2024-80-12-1/2024|H5N5|Europe|2024-02-15|nonhuman_mammal|A6
344,337,338,0.058873456379533874,2023.4933102016205,2023.4933102016205,56.14169914893538,-6.280273089385944,54.47521263158307,-1.8779616640898946,europe,europe,seab,seab,
345,337,363,0.058873456379533874,2023.4933102016205,2023.4933102016205,56.14169914893538,-6.280273089385944,55.23907477883923,-3.7500416723821313,europe,europe,seab,seab,
346,338,339,0.3156344946477127,2023.7005259735026,2023.7005259735026,54.47521263158307,-1.8779616640898946,54.10257249461145,-2.6289789152538634,europe,europe,seab,seab,
347,338,342,0.3156344946477127,2023.7005259735026,2023.7005259735026,54.47521263158307,-1.8779616640898946,54.302156067897556,0.4378630803081271,europe,europe,seab,seab,
348,339,341,0.09811607703617754,2023.8103036881794,2023.8103036881794,54.10257249461145,-2.6289789152538634,54.00650315056231,-2.5496518671084827,europe,europe,seab,seab,EPI_ISL_19410361|A/herring_gull/England/134425/2024|H5N5|Europe|2024-03-19|wild_avian|A6
349,339,340,0.09811607703617754,2023.8103036881794,2023.8103036881794,54.10257249461145,-2.6289789152538634,54.00418615078114,-2.5477509586439444,europe,europe,seab,scav,EPI_ISL_19410363|A/common_buzzard/Scotland/008830/2024|H5N5|Europe|2024-03-04|wild_avian|A6
350,342,343,0.05947158975714363,2023.7791272330544,2023.7791272330544,54.302156067897556,0.4378630803081271,55.08003816641146,0.5604405154213229,europe,europe,seab,bdpr,
351,342,346,0.05947158975714363,2023.7791272330544,2023.7791272330544,54.302156067897556,0.4378630803081271,52.69957663203873,4.296164553171329,europe,europe,seab,seab,
352,343,344,0.08497642278756361,2023.8638915648578,2023.8638915648578,55.08003816641146,0.5604405154213229,54.00583034985612,-2.5489814943213163,europe,europe,bdpr,bdpr,EPI_ISL_19410362|A/red_kite/Scotland/011791/2024|H5N5|Europe|2024-03-07|wild_avian|A6
353,343,345,0.08497642278756361,2023.8638915648578,2023.8638915648578,55.08003816641146,0.5604405154213229,63.98860861282536,12.309054569059555,europe,europe,bdpr,bdpr,EPI_ISL_18838519|A/White-tailed_eagle/Norway/2024-07-14/2024|H5N5|Europe|2024-01-16|wild_avian|A6
354,346,347,0.1344991290940642,2023.9198686702312,2023.9198686702312,52.69957663203873,4.296164553171329,52.343799995137196,5.418404826581793,europe,europe,seab,seab,
355,346,354,0.1344991290940642,2023.9198686702312,2023.9198686702312,52.69957663203873,4.296164553171329,52.52691382379753,4.440701078061925,europe,europe,seab,seab,
356,347,348,0.02665399663210343,2023.963348582841,2023.963348582841,52.343799995137196,5.418404826581793,51.163986811148476,10.44547660879909,europe,europe,seab,seab,EPI_ISL_19014083|A/gull/Germany-NI/2024AI01280/2024|H5N5|Europe|2024-02-08|wild_avian|A6
357,347,349,0.02665399663210343,2023.963348582841,2023.963348582841,52.343799995137196,5.418404826581793,52.26147244652091,5.081550457016221,europe,europe,seab,seab,
358,349,350,0.027545649273059098,2023.9752346452033,2023.9752346452033,52.26147244652091,5.081550457016221,52.30881485503054,5.46027219491,europe,europe,seab,mammal,EPI_ISL_19361216|A/Pine_Marten/Netherlands/1/2024|H5N5|Europe|2024-02-01|nonhuman_mammal|A6
359,349,351,0.027545649273059098,2023.9752346452033,2023.9752346452033,52.26147244652091,5.081550457016221,52.30696085433189,5.4627906242960504,europe,europe,seab,seab,
360,351,352,0.07275940200027034,2024.0458032168317,2024.0458032168317,52.30696085433189,5.4627906242960504,52.30707043810621,5.45647725336879,europe,europe,seab,seab,EPI_ISL_19053254|A/Northern_Fulmar/Netherlands/3/2024|H5N5|Europe|2024-01-28|wild_avian|A6
361,351,353,0.07275940200027034,2024.0458032168317,2024.0458032168317,52.30696085433189,5.4627906242960504,52.3115989683444,5.459069103343537,europe,europe,seab,seab,EPI_ISL_19053253|A/Northern_Fulmar/Netherlands/2/2024|H5N5|Europe|2024-01-25|wild_avian|A6
362,354,355,0.016925726788004247,2023.9560764003245,2023.9560764003245,52.52691382379753,4.440701078061925,52.3097269898336,5.458791103802407,europe,europe,seab,seab,EPI_ISL_19053252|A/Northern_Fulmar/Netherlands/1/2024|H5N5|Europe|2024-01-24|wild_avian|A6
363,354,356,0.016925726788004247,2023.9560764003245,2023.9560764003245,52.52691382379753,4.440701078061925,52.84261143837625,2.998493624167055,europe,europe,seab,seab,
364,356,357,0.060655768251120734,2024.0098141500193,2024.0098141500193,52.84261143837625,2.998493624167055,51.161336914421454,10.447774216960234,europe,europe,seab,seab,EPI_ISL_19014082|A/European_Herring_Gull/Germany-SH/2024AI01287/2024|H5N5|Europe|2024-02-09|wild_avian|A6
365,356,358,0.060655768251120734,2024.0098141500193,2024.0098141500193,52.84261143837625,2.998493624167055,53.887795908931125,-1.9982259114543899,europe,europe,seab,seab,
366,358,362,0.08993934439658292,2024.099753494416,2024.099753494416,53.887795908931125,-1.9982259114543899,54.00101092906702,-2.5480871963701484,europe,europe,seab,scav,EPI_ISL_19016257|A/Common_Buzzard/England/133477/2024|H5N5|Europe|2024-02-19|wild_avian|A6
367,358,359,0.08993934439658292,2024.099753494416,2024.099753494416,53.887795908931125,-1.9982259114543899,54.00195305431997,-2.538504252522642,europe,europe,seab,bdpr,
368,359,360,0.026648409792124628,2024.126401904208,2024.126401904208,54.00195305431997,-2.538504252522642,54.00387944505053,-2.5476870772139613,europe,europe,bdpr,bdpr,EPI_ISL_19016256|A/Sparrowhawk/England/133522/2024|H5N5|Europe|2024-02-21|wild_avian|A6
369,359,361,0.026648409792124628,2024.126401904208,2024.126401904208,54.00195305431997,-2.538504252522642,54.002923859167424,-2.5463748291470587,europe,europe,bdpr,bdpr,EPI_ISL_19016255|A/Sparrowhawk/England/133485/2024|H5N5|Europe|2024-02-20|wild_avian|A6
370,363,364,0.48645436731698594,2024.0671891914033,2024.0671891914033,55.23907477883923,-3.7500416723821313,54.041709253843194,-6.374293668379887,europe,europe,seab,seab,
371,363,369,0.48645436731698594,2024.0671891914033,2024.0671891914033,55.23907477883923,-3.7500416723821313,54.59100692051249,-2.810995744034483,europe,europe,seab,seab,
372,364,365,0.21917124198841392,2024.2863604333916,2024.2863604333916,54.041709253843194,-6.374293668379887,43.932410563107986,-59.91799655050772,europe,east-canada,seab,seab,EPI_ISL_19750609|A/Great_Black-Backed_Gull/NS/FAV-0026-4/2025|H5N5|North_America|2024-12-10|wild_avian|A6
373,364,366,0.21917124198841392,2024.2863604333916,2024.2863604333916,54.041709253843194,-6.374293668379887,53.9963285719939,-2.5611107176457737,europe,europe,seab,seab,
374,366,367,0.21722393236276905,2024.5035843657545,2024.5035843657545,53.9963285719939,-2.5611107176457737,54.00256705298169,-2.545301680549639,europe,europe,seab,seab,EPI_ISL_19410357|A/Great_Skua/Scotland/036477/2024|H5N5|Europe|2024-07-25|wild_avian|A6
375,366,368,0.21722393236276905,2024.5035843657545,2024.5035843657545,53.9963285719939,-2.5611107176457737,54.00462335610818,-2.5486207628955087,europe,europe,seab,seab,EPI_ISL_19410358|A/Great_Skua/Scotland/036478/2024|H5N5|Europe|2024-07-25|wild_avian|A6
376,369,411,0.13150594174568186,2024.198695133149,2024.198695133149,54.59100692051249,-2.810995744034483,54.30417433559136,-2.49961109125841,europe,europe,seab,seab,
377,369,370,0.13150594174568186,2024.198695133149,2024.198695133149,54.59100692051249,-2.810995744034483,54.06734846437064,-2.6116206809797307,europe,europe,seab,seab,
378,370,371,0.2229246980609299,2024.4217094773296,2024.4217094773296,54.06734846437064,-2.6116206809797307,54.00175417429933,-2.5491926816783836,europe,europe,seab,seab,EPI_ISL_19521520|A/Cormorant/England/281523/2024|H5N5|Europe|2024-09-30|wild_avian|A6
379,370,372,0.2229246980609299,2024.4217094773296,2024.4217094773296,54.06734846437064,-2.6116206809797307,53.991269035354605,-2.677424075529299,europe,europe,seab,seab,
380,372,373,0.06529316273132729,2024.4459548135414,2024.4459548135414,53.991269035354605,-2.677424075529299,54.00380430119369,-2.5484686666725618,europe,europe,seab,seab,EPI_ISL_19521534|A/Herring_Gull/England/140706/2024|H5N5|Europe|2024-09-28|wild_avian|A6
381,372,374,0.06529316273132729,2024.4459548135414,2024.4459548135414,53.991269035354605,-2.677424075529299,53.988640445714466,-2.550865593934376,europe,europe,seab,seab,
382,374,410,0.03835646948610271,2024.4872953921297,2024.4872953921297,53.988640445714466,-2.550865593934376,54.005470292687484,-2.5490801432331534,europe,europe,seab,seab,EPI_ISL_19521529|A/Great_Black_Backed_Gull/Scotland/044475/2024|H5N5|Europe|2024-09-23|wild_avian|A6
383,374,375,0.03835646948610271,2024.4872953921297,2024.4872953921297,53.988640445714466,-2.550865593934376,53.97202825941345,-2.4345630441542787,europe,europe,seab,seab,
384,375,376,0.03831081440854684,2024.5215546946242,2024.5215546946242,53.97202825941345,-2.4345630441542787,54.019270402024716,-2.365744540397105,europe,europe,seab,seab,
385,375,391,0.03831081440854684,2024.5215546946242,2024.5215546946242,53.97202825941345,-2.4345630441542787,54.02237723973675,-2.592623106223252,europe,europe,seab,seab,
386,376,390,0.028880304137833532,2024.5574500662192,2024.5574500662192,54.019270402024716,-2.365744540397105,54.00497649300355,-2.548554978999426,europe,europe,seab,seab,EPI_ISL_19410360|A/Great_Skua/Scotland/037580/2024|H5N5|Europe|2024-08-07|wild_avian|A6
387,376,377,0.028880304137833532,2024.5574500662192,2024.5574500662192,54.019270402024716,-2.365744540397105,53.89869249357251,-2.058575980728511,europe,europe,seab,seab,
388,377,389,0.0373596485258366,2024.5922687131097,2024.5922687131097,53.89869249357251,-2.058575980728511,51.16279348334302,10.44603793333871,europe,europe,seab,seab,EPI_ISL_19602385|A/Northern_Fulmar/Germany-NI/2024AI04273/2024|H5N5|Europe|2024-09-21|wild_avian|A6
389,377,378,0.0373596485258366,2024.5922687131097,2024.5922687131097,53.89869249357251,-2.058575980728511,54.01414747186775,-2.370509287663624,europe,europe,seab,seab,
390,378,388,0.04886779343625978,2024.6302171409684,2024.6302171409684,54.01414747186775,-2.370509287663624,54.006369687929435,-2.5469686026400886,europe,europe,seab,bdpr,EPI_ISL_19902020|A/White_Tailed_Eagle/Scotland/050287/2024|H5N5|Europe|2024-09-24|wild_avian|A6
391,378,379,0.04886779343625978,2024.6302171409684,2024.6302171409684,54.01414747186775,-2.370509287663624,54.10014093087555,-2.149479504192449,europe,europe,seab,seab,
392,379,387,0.07539567925328097,2024.6788060721533,2024.6788060721533,54.10014093087555,-2.149479504192449,54.004055495916546,-2.548244639061272,europe,europe,seab,seab,EPI_ISL_19521525|A/Gannet/Scotland/046592/2024|H5N5|Europe|2024-10-04|wild_avian|A6
393,379,380,0.07539567925328097,2024.6788060721533,2024.6788060721533,54.10014093087555,-2.149479504192449,54.0292838772029,-2.1422293600159237,europe,europe,seab,seab,
394,380,381,0.04209919978815881,2024.7088237317146,2024.7088237317146,54.0292838772029,-2.1422293600159237,54.00410563361311,-2.5477069427725785,europe,europe,seab,seab,EPI_ISL_19521539|A/Herring_Gull/England/141099/2024|H5N5|Europe|2024-10-09|wild_avian|A6
395,380,382,0.04209919978815881,2024.7088237317146,2024.7088237317146,54.0292838772029,-2.1422293600159237,54.033256196923595,-2.5669843699802124,europe,europe,seab,seab,
396,382,383,0.02977103447129653,2024.7278366087762,2024.7278366087762,54.033256196923595,-2.5669843699802124,54.004819811661726,-2.5483849265619667,europe,europe,seab,seab,EPI_ISL_19521538|A/Herring_Gull/England/141019/2024|H5N5|Europe|2024-10-08|wild_avian|A6
397,382,384,0.02977103447129653,2024.7278366087762,2024.7278366087762,54.033256196923595,-2.5669843699802124,54.281046271235404,-2.1418835688636557,europe,europe,seab,seab,
398,384,386,0.0584454052244002,2024.767890050853,2024.767890050853,54.281046271235404,-2.1418835688636557,63.98893116658774,12.307692555263442,europe,europe,seab,seab,EPI_ISL_19550912|A/Herring_gull/Norway/2024-07-2919/2024|H5N5|Europe|2024-10-25|wild_avian|A6
399,384,385,0.0584454052244002,2024.767890050853,2024.767890050853,54.281046271235404,-2.1418835688636557,54.00328462247745,-2.548258961909007,europe,europe,seab,scav,EPI_ISL_19611317|A/Common_Buzzard/England/141842/2024|H5N5|Europe|2024-10-24|wild_avian|A6
400,391,407,0.03801613723570303,2024.571736226287,2024.571736226287,54.02237723973675,-2.592623106223252,54.01258499423054,-2.5664687313096928,europe,europe,seab,seab,
401,391,392,0.03801613723570303,2024.571736226287,2024.571736226287,54.02237723973675,-2.592623106223252,53.890201324844966,-2.6769539267601923,europe,europe,seab,seab,
402,392,404,0.04010570142314645,2024.609552266182,2024.609552266182,53.890201324844966,-2.6769539267601923,54.05039013406817,-2.445333184965979,europe,europe,seab,seab,
403,392,393,0.04010570142314645,2024.609552266182,2024.609552266182,53.890201324844966,-2.6769539267601923,53.98023901666799,-2.4316961777437456,europe,europe,seab,seab,
404,393,401,0.05045607317333927,2024.652071255541,2024.652071255541,53.98023901666799,-2.4316961777437456,53.997010254700974,-2.5671269274507966,europe,europe,seab,seab,
405,393,394,0.05045607317333927,2024.652071255541,2024.652071255541,53.98023901666799,-2.4316961777437456,54.04267267996886,-2.5696479598167272,europe,europe,seab,seab,
406,394,400,0.022899407320459465,2024.6913431814323,2024.6913431814323,54.04267267996886,-2.5696479598167272,54.00434783532199,-2.5479800799410444,europe,europe,seab,seab,EPI_ISL_19521524|A/Fulmar/Scotland/045255/2024|H5N5|Europe|2024-09-30|wild_avian|A6
407,394,395,0.022899407320459465,2024.6913431814323,2024.6913431814323,54.04267267996886,-2.5696479598167272,53.99455065269609,-2.442606001589134,europe,europe,seab,seab,
408,395,399,0.02376003087480683,2024.7066414332676,2024.7066414332676,53.99455065269609,-2.442606001589134,54.00592510103463,-2.545619307577592,europe,europe,seab,seab,EPI_ISL_19521523|A/Fulmar/England/140710/2024|H5N5|Europe|2024-09-28|wild_avian|A6
409,395,396,0.02376003087480683,2024.7066414332676,2024.7066414332676,53.99455065269609,-2.442606001589134,54.00870889662123,-2.534573432444393,europe,europe,seab,seab,
410,396,398,0.03610729953970265,2024.7303527144625,2024.7303527144625,54.00870889662123,-2.534573432444393,54.00706343659941,-2.551555514156727,europe,europe,seab,seab,EPI_ISL_19521540|A/Herring_Gull/England/360367/2024|H5N5|Europe|2024-10-02|wild_avian|A6
411,396,397,0.03610729953970265,2024.7303527144625,2024.7303527144625,54.00870889662123,-2.534573432444393,54.00410226752892,-2.547881840638719,europe,europe,seab,seab,EPI_ISL_19521535|A/Herring_Gull/England/140826/2024|H5N5|Europe|2024-10-01|wild_avian|A6
412,401,403,0.020856603640288185,2024.694464581727,2024.694464581727,53.997010254700974,-2.5671269274507966,54.00183186746107,-2.5494235016205806,europe,europe,seab,seab,EPI_ISL_19521544|A/Herring_Gull/England/140439/2024|H5N5|Europe|2024-09-24|wild_avian|A6
413,401,402,0.020856603640288185,2024.694464581727,2024.694464581727,53.997010254700974,-2.5671269274507966,54.00363008626103,-2.548298984412831,europe,europe,seab,seab,EPI_ISL_19521513|A/Great_Black-Backed_Gull/Scotland/043865/2024|H5N5|Europe|2024-09-19|wild_avian|A6
414,404,406,0.06081247577644856,2024.6609215541396,2024.6609215541396,54.05039013406817,-2.445333184965979,54.00302116297267,-2.5491698571676524,europe,europe,seab,seab,EPI_ISL_19521541|A/Herring_Gull/England/360557/2024|H5N5|Europe|2024-10-07|wild_avian|A6
415,404,405,0.06081247577644856,2024.6609215541396,2024.6609215541396,54.05039013406817,-2.445333184965979,54.004158140101566,-2.5452109729715637,europe,europe,seab,seab,EPI_ISL_19521510|A/Great_Skua/Scotland/043850/2024|H5N5|Europe|2024-09-17|wild_avian|A6
416,407,409,0.08234395069663504,2024.671365098767,2024.671365098767,54.01258499423054,-2.5664687313096928,54.00589605999956,-2.547207302699958,europe,europe,seab,seab,EPI_ISL_19521517|A/Black_Headed_Gull/England/045994/2024|H5N5|Europe|2024-10-02|wild_avian|A6
417,407,408,0.08234395069663504,2024.671365098767,2024.671365098767,54.01258499423054,-2.5664687313096928,54.00245940356389,-2.548863848196973,europe,europe,seab,seab,EPI_ISL_19521533|A/Herring_Gull/England/140537/2024|H5N5|Europe|2024-09-25|wild_avian|A6
418,411,419,0.08642209504322086,2024.2851281617757,2024.2851281617757,54.30417433559136,-2.49961109125841,54.00299943318164,-2.545797471599111,europe,europe,seab,seab,EPI_ISL_19410356|A/Great_Black_Backed_Gull/Scotland/034087/2024|H5N5|Europe|2024-07-15|wild_avian|A6
419,411,412,0.08642209504322086,2024.2851281617757,2024.2851281617757,54.30417433559136,-2.49961109125841,55.03887697493395,-1.3254429617816281,europe,europe,seab,seab,
420,412,413,0.1596842452277113,2024.4447874959244,2024.4447874959244,55.03887697493395,-1.3254429617816281,63.9882610225697,12.306577599740663,europe,europe,seab,bdpr,EPI_ISL_19510887|A/White-tailed_eagle/Norway/2024-07-2691/2024|H5N5|Europe|2024-10-15|wild_avian|A6
421,412,414,0.1596842452277113,2024.4447874959244,2024.4447874959244,55.03887697493395,-1.3254429617816281,54.14653328978325,-2.3928731994817563,europe,europe,seab,seab,
422,414,415,0.09412187431278986,2024.539081116103,2024.539081116103,54.14653328978325,-2.3928731994817563,54.00528848214161,-2.546532533472898,europe,europe,seab,seab,EPI_ISL_19521521|A/Fulmar/England/140689/2024|H5N5|Europe|2024-09-27|wild_avian|A6
423,414,416,0.09412187431278986,2024.539081116103,2024.539081116103,54.14653328978325,-2.3928731994817563,54.01340887664601,-2.5561675902179837,europe,europe,seab,seab,
424,416,417,0.09761256817364314,2024.636264023721,2024.636264023721,54.01340887664601,-2.5561675902179837,54.00253821430268,-2.5472606788935543,europe,europe,seab,bdpr,EPI_ISL_19521542|A/Kestral/Scotland/044473/2024|H5N5|Europe|2024-09-27|wild_avian|A6
425,416,418,0.09761256817364314,2024.636264023721,2024.636264023721,54.01340887664601,-2.5561675902179837,54.00332938131078,-2.5498114363787177,europe,europe,seab,seab,EPI_ISL_19521522|A/Fulmar/England/140702/2024|H5N5|Europe|2024-09-27|wild_avian|A6
426,420,421,0.07929670406912805,2023.3016110954225,2023.3016110954225,50.482304799181456,-40.259242499458196,49.74599751623992,-43.924701028619026,east-canada,east-canada,seab,seab,
427,420,484,0.07929670406912805,2023.3016110954225,2023.3016110954225,50.482304799181456,-40.259242499458196,49.44068248650546,-48.54150154674293,east-canada,east-canada,seab,seab,
428,421,422,0.031592969712264475,2023.3303507802598,2023.3303507802598,49.74599751623992,-43.924701028619026,47.484660236307654,-52.79668660598243,east-canada,east-canada,seab,seab,EPI_ISL_19260108|A/Ring-billed_Gull/NL/FAV-0430-9/2023|H5N5|North_America|2023-10-23|wild_avian|A6
429,421,423,0.031592969712264475,2023.3303507802598,2023.3303507802598,49.74599751623992,-43.924701028619026,48.354396443651005,-51.40540550977117,east-canada,east-canada,seab,seab,
430,423,483,0.08301690154190815,2023.400945671911,2023.400945671911,48.354396443651005,-51.40540550977117,47.66773999999996,-58.29991000000096,east-canada,east-canada,seab,seab,EPI_ISL_19260109|A/Herring_Gull/NL/FAV-0375-3/2023|H5N5|North_America|2023-06-29|wild_avian|A6
431,423,424,0.08301690154190815,2023.400945671911,2023.400945671911,48.354396443651005,-51.40540550977117,46.664632152873246,-56.936127498030466,east-canada,east-canada,seab,seab,
432,424,425,0.16626269131800014,2023.567208363229,2023.567208363229,46.664632152873246,-56.936127498030466,43.88970175829614,-65.14246137888483,east-canada,east-canada,seab,seab,
433,424,454,0.16626269131800014,2023.567208363229,2023.567208363229,46.664632152873246,-56.936127498030466,46.40964648696249,-57.845140566617616,east-canada,east-canada,seab,seab,
434,425,426,0.4846134254336989,2024.0518217886627,2024.0518217886627,43.88970175829614,-65.14246137888483,42.391130000000246,-71.56769999999963,east-canada,northeast-us,seab,scav,EPI_ISL_19736870|A/turkey_vulture/Massachusetts/014126-069/2024|H5N5|North_America|2024-05-03|wild_avian|A6
435,425,427,0.4846134254336989,2024.0518217886627,2024.0518217886627,43.88970175829614,-65.14246137888483,43.97474736494876,-62.74135777993756,east-canada,east-canada,seab,seab,
436,427,428,0.2779072680215867,2024.3297290566843,2024.3297290566843,43.97474736494876,-62.74135777993756,43.932603978016594,-59.91721918394748,east-canada,east-canada,seab,seab,EPI_ISL_20067343|A/Herring_Gull/NS/FAV-0188-1/2025|H5N5|North_America|2024-10-31|wild_avian|A6
437,427,429,0.2779072680215867,2024.3297290566843,2024.3297290566843,43.97474736494876,-62.74135777993756,44.20422655506073,-65.78991749751154,east-canada,east-canada,seab,seab,
438,429,453,0.31560728571808083,2024.6453363424023,2024.6453363424023,44.20422655506073,-65.78991749751154,44.71771000000017,-65.49493999999893,east-canada,east-canada,seab,bdpr,EPI_ISL_20067314|A/Bald_Eagle/NS/FAV-0157-3/2025|H5N5|North_America|2025-04-14|wild_avian|A6
439,429,430,0.31560728571808083,2024.6453363424023,2024.6453363424023,44.20422655506073,-65.78991749751154,43.59480651182977,-67.92487147987107,east-canada,east-canada,seab,seab,
440,430,431,0.20134660694518983,2024.8466829493475,2024.8466829493475,43.59480651182977,-67.92487147987107,42.71723208736792,-71.12855166133154,east-canada,northeast-us,seab,scav,
441,430,434,0.20134660694518983,2024.8466829493475,2024.8466829493475,43.59480651182977,-67.92487147987107,43.57220811777595,-67.635130926159,east-canada,east-canada,seab,seab,
442,431,432,0.21423535056954757,2025.0669206887294,2025.0669206887294,42.71723208736792,-71.12855166133154,42.707997406669286,-71.16387596155563,northeast-us,northeast-us,scav,scav,EPI_ISL_20094752|A/common_raven/USA/019390-017/2025|H5N5|North_America|2025-04-04|wild_avian|A6
443,431,433,0.21423535056954757,2025.0669206887294,2025.0669206887294,42.71723208736792,-71.12855166133154,42.70736595338473,-71.16496645614299,northeast-us,northeast-us,scav,scav,25-019390-016|A/Common_Raven/MA/019390-016/2025|H5N5|North_America|2025-04-04|wild_avian|A6
444,434,435,0.052764029002569025,2024.8987845958402,2024.8987845958402,43.57220811777595,-67.635130926159,44.196609999999666,-66.14781000000055,east-canada,east-canada,seab,seab,EPI_ISL_20067298|A/Herring_Gull/NS/FAV-0124-7/2025|H5N5|North_America|2025-03-11|wild_avian|A6
445,434,436,0.052764029002569025,2024.8987845958402,2024.8987845958402,43.57220811777595,-67.635130926159,44.04132878148141,-66.70022453693063,east-canada,east-canada,seab,seab,
446,436,452,0.021567247179526784,2024.9188853302785,2024.9188853302785,44.04132878148141,-66.70022453693063,45.265624277420905,-66.06315301942259,east-canada,east-canada,seab,mammal,EPI_ISL_20067317|A/Raccoon/NB/FAV-0157-4/2025|H5N5|North_America|2025-03-21|nonhuman_mammal|A6
447,436,437,0.021567247179526784,2024.9188853302785,2024.9188853302785,44.04132878148141,-66.70022453693063,42.19998437562149,-69.24162565743755,east-canada,northeast-us,seab,seab,
448,437,447,0.08229972202796998,2024.987081623599,2024.987081623599,42.19998437562149,-69.24162565743755,41.31165858073958,-70.07086699904518,northeast-us,northeast-us,seab,seab,
449,437,438,0.08229972202796998,2024.987081623599,2024.987081623599,42.19998437562149,-69.24162565743755,41.555954043843805,-70.1414212171383,northeast-us,northeast-us,seab,seab,
450,438,439,0.12862309031793695,2025.115704713917,2025.115704713917,41.555954043843805,-70.1414212171383,41.33708197588721,-70.30961926380148,northeast-us,northeast-us,seab,seab,
451,438,442,0.12862309031793695,2025.115704713917,2025.115704713917,41.555954043843805,-70.1414212171383,41.39127126678858,-70.15041332378553,northeast-us,northeast-us,seab,seab,
452,439,440,0.09566905519377375,2025.2107790953974,2025.2107790953974,41.33708197588721,-70.30961926380148,41.335897244736955,-70.30337446657228,northeast-us,northeast-us,seab,seab,25HP00813|A/Great_black-backed_gull/MA/25HP00813/2025|H5N5|North_America|2025-04-23|wild_avian|A6
453,439,441,0.09566905519377375,2025.2107790953974,2025.2107790953974,41.33708197588721,-70.30961926380148,41.33536561661471,-70.30240822861752,northeast-us,northeast-us,seab,seab,25HP00810|A/Great_black-backed_gull/MA/25HP00810/2025|H5N5|North_America|2025-04-23|wild_avian|A6
454,442,446,0.07379624929890449,2025.1939815015216,2025.1939815015216,41.39127126678858,-70.15041332378553,41.33460593125946,-70.30552414735153,northeast-us,northeast-us,seab,seab,25HP00809|A/Great_black-backed_gull/MA/25HP00809/2025|H5N5|North_America|2025-04-23|wild_avian|A6
455,442,443,0.07379624929890449,2025.1939815015216,2025.1939815015216,41.39127126678858,-70.15041332378553,41.33077447386436,-70.31005355363462,northeast-us,northeast-us,seab,seab,
456,443,444,0.06468211139079187,2025.2586636129124,2025.2586636129124,41.33077447386436,-70.31005355363462,41.33633959371107,-70.30176104818624,northeast-us,northeast-us,seab,seab,25HP00806|A/Great_black-backed_gull/MA/25HP00806/2025|H5N5|North_America|2025-04-23|wild_avian|A6
457,443,445,0.06468211139079187,2025.2586636129124,2025.2586636129124,41.33077447386436,-70.31005355363462,41.33654696660218,-70.30581448077861,northeast-us,northeast-us,seab,seab,25HP00816|A/Great_black-backed_gull/MA/25HP00816/2025|H5N5|North_America|2025-04-23|wild_avian|A6
458,447,448,0.08762256758821646,2025.0747041911873,2025.0747041911873,41.31165858073958,-70.07086699904518,41.28668524707564,-70.10085227195466,northeast-us,northeast-us,seab,seab,EPI_ISL_20094765|A/great_black-backed_gull/USA/019390-018/2025|H5N5|North_America|2025-02-07|wild_avian|A6
459,447,449,0.08762256758821646,2025.0747041911873,2025.0747041911873,41.31165858073958,-70.07086699904518,41.28356117864732,-70.0813871594105,northeast-us,northeast-us,seab,gds,
460,449,450,0.01593026635239995,2025.0906452642546,2025.0906452642546,41.28356117864732,-70.0813871594105,41.285859453863395,-70.09612401917114,northeast-us,northeast-us,gds,gds,EPI_ISL_20145181|A/common_eider/USA/021407-028/2025|H5N5|North_America|2025-02-07|wild_avian|A6
461,449,451,0.01593026635239995,2025.0906452642546,2025.0906452642546,41.28356117864732,-70.0813871594105,41.283927031713354,-70.09929818466803,northeast-us,northeast-us,gds,gds,25-021407-029|A/Red-breasted_Merganser/MA/25-021407-029-original/2025|H5N5|North_America|2025-02-07|wild_avian|A6
462,454,474,0.12696650046855737,2023.6941748636975,2023.6941748636975,46.40964648696249,-57.845140566617616,46.417739460770974,-57.52128121769818,east-canada,east-canada,seab,seab,
463,454,455,0.12696650046855737,2023.6941748636975,2023.6941748636975,46.40964648696249,-57.845140566617616,43.1205832697931,-70.00595131229429,east-canada,east-canada,seab,seab,
464,455,456,0.3998278158215311,2024.2025829305403,2024.2025829305403,43.1205832697931,-70.00595131229429,42.06888623617043,-70.66728910729306,east-canada,northeast-us,seab,seab,
465,455,465,0.3998278158215311,2024.2025829305403,2024.2025829305403,43.1205832697931,-70.00595131229429,42.587958887404774,-73.02613794113446,east-canada,east-canada,seab,seab,
466,456,462,0.3090594109269964,2024.5739030049533,2024.5739030049533,42.06888623617043,-70.66728910729306,41.97865252259989,-70.63018405559934,northeast-us,northeast-us,seab,seab,
467,456,457,0.3090594109269964,2024.5739030049533,2024.5739030049533,42.06888623617043,-70.66728910729306,41.44881950063102,-70.3300603206812,northeast-us,northeast-us,seab,seab,
468,457,461,0.40004348038203824,2024.9739464853353,2024.9739464853353,41.44881950063102,-70.3300603206812,41.33677553311547,-70.30244597632502,northeast-us,northeast-us,seab,seab,25-021407-025|A/Great_black-backed_gull/MA/25-021407-025-original/2025|H5N5|North_America|2025-04-25|wild_avian|A6
469,457,458,0.40004348038203824,2024.9739464853353,2024.9739464853353,41.44881950063102,-70.3300603206812,41.33841098184632,-70.30556906126462,northeast-us,northeast-us,seab,seab,
470,458,459,0.1693002455370113,2025.1432467308723,2025.1432467308723,41.33841098184632,-70.30556906126462,41.335854643476814,-70.30041799881542,northeast-us,northeast-us,seab,seab,25HP00821|A/Great_black-backed_gull/MA/25HP00821/2025|H5N5|North_America|2025-04-23|wild_avian|A6
471,458,460,0.1693002455370113,2025.1432467308723,2025.1432467308723,41.33841098184632,-70.30556906126462,41.3358335282367,-70.30439346888089,northeast-us,northeast-us,seab,seab,25HP00823|A/Great_black-backed_gull/MA/25HP00823/2025|H5N5|North_America|2025-04-23|wild_avian|A6
472,462,464,0.33107172843868343,2024.904974733392,2024.904974733392,41.97865252259989,-70.63018405559934,44.500489999999296,-79.4704800000018,northeast-us,east-canada,seab,scav,EPI_ISL_20067310|A/American_Crow/ON/FAV-0152-1/2025|H5N5|North_America|2025-04-20|wild_avian|A6
473,462,463,0.33107172843868343,2024.904974733392,2024.904974733392,41.97865252259989,-70.63018405559934,41.82866690585579,-69.97415073931107,northeast-us,northeast-us,seab,seab,24-037650-002|A/sanderling/MA/24-037650-002/2024|H5N5|North_America|2024-12-09|wild_avian|A6
474,465,471,0.08145336038242423,2024.2821473249305,2024.2821473249305,42.587958887404774,-73.02613794113446,40.30082960526544,-82.79093878575955,east-canada,northeast-us,seab,bdpr,
475,465,466,0.08145336038242423,2024.2821473249305,2024.2821473249305,42.587958887404774,-73.02613794113446,43.121252606941916,-74.0668510439474,east-canada,east-canada,seab,scav,
476,466,467,0.3844914604836667,2024.6382743800393,2024.6382743800393,43.121252606941916,-74.0668510439474,44.00862000000036,-77.1391000000003,east-canada,east-canada,scav,scav,EPI_ISL_19750587|A/Turkey_Vulture/ON/FAV-0316-1/2024|H5N5|North_America|2024-10-30|wild_avian|A6
477,466,468,0.3844914604836667,2024.6382743800393,2024.6382743800393,43.121252606941916,-74.0668510439474,41.85774536921316,-70.64744025943018,east-canada,northeast-us,scav,scav,
478,468,470,0.3301334662973018,2024.9684078463365,2024.9684078463365,41.85774536921316,-70.64744025943018,41.636110999999815,-70.93472199999965,northeast-us,northeast-us,scav,scav,EPI_ISL_20145170|A/black_vulture/USA/021407-019/2025|H5N5|North_America|2025-02-27|wild_avian|A6
479,468,469,0.3301334662973018,2024.9684078463365,2024.9684078463365,41.85774536921316,-70.64744025943018,41.9375,-70.0333299999989,northeast-us,northeast-us,scav,gds,EPI_ISL_19809230|A/bufflehead/USA/007118-044/2025|H5N5|North_America|2025-02-08|wild_avian|A6
480,471,473,0.7756815950199341,2025.0461667536792,2025.0461667536792,40.30082960526544,-82.79093878575955,40.28697863553951,-82.79659941107765,northeast-us,northeast-us,bdpr,bdpr,EPI_ISL_19820113|A/bald_eagle/Ohio/OH25-5320/2025|H5N5|North_America|2025-02-05|wild_avian|A6
481,471,472,0.7756815950199341,2025.0461667536792,2025.0461667536792,40.30082960526544,-82.79093878575955,40.28589806276383,-82.79405021940909,northeast-us,northeast-us,bdpr,bdpr,EPI_ISL_19776983|A/bald_eagle/USA/005188-001/2025|H5N5|North_America|2025|wild_avian|A6
482,474,482,0.033465295777910097,2023.7301271805034,2023.7301271805034,46.417739460770974,-57.52128121769818,47.48392999999985,-53.04570999999915,east-canada,east-canada,seab,seab,EPI_ISL_19260102|A/Great_Black-Backed_Gull/NL/FAV-0430-10/2023|H5N5|North_America|2023-10-30|wild_avian|A6
483,474,475,0.033465295777910097,2023.7301271805034,2023.7301271805034,46.417739460770974,-57.52128121769818,45.4732539314619,-62.11114301355071,east-canada,east-canada,seab,seab,
484,475,481,0.08849983282020638,2023.8664718321368,2023.8664718321368,45.4732539314619,-62.11114301355071,43.92923939723754,-59.91774572342386,east-canada,east-canada,seab,seab,EPI_ISL_19750581|A/Herring_Gull/NS/FAV-0245-3/2024|H5N5|North_America|2024-04-03|wild_avian|A6
485,475,476,0.08849983282020638,2023.8664718321368,2023.8664718321368,45.4732539314619,-62.11114301355071,45.43489588636193,-62.54060117051053,east-canada,east-canada,seab,seab,
486,476,477,0.045487341787845914,2023.907909687605,2023.907909687605,45.43489588636193,-62.54060117051053,46.134940000000455,-60.191500000000666,east-canada,east-canada,seab,mammal,EPI_ISL_19750574|A/Red_Fox/NS/FAV-0183-1/2024|H5N5|North_America|2024-05-04|nonhuman_mammal|A6
487,476,478,0.045487341787845914,2023.907909687605,2023.907909687605,45.43489588636193,-62.54060117051053,45.51228712548192,-63.213999362600326,east-canada,east-canada,seab,seab,
488,478,479,0.02737184373353544,2023.9095650242693,2023.9095650242693,45.51228712548192,-63.213999362600326,45.78335000000026,-64.19651000000106,east-canada,east-canada,seab,bdpr,EPI_ISL_19750575|A/Ring-Tailed_Hawk/NS/FAV-0196-2/2024|H5N5|North_America|2024-04-02|wild_avian|A6
489,478,480,0.02737184373353544,2023.9095650242693,2023.9095650242693,45.51228712548192,-63.213999362600326,45.07690189554128,-64.49421036327793,east-canada,east-canada,seab,mammal,EPI_ISL_19260112|A/Raccoon/NS/FAV-0079-1/2024|H5N5|North_America|2024-02-02|nonhuman_mammal|A6
490,484,562,0.08226352785427038,2023.401061957676,2023.401061957676,49.44068248650546,-48.54150154674293,47.14929148743371,-53.733132060663955,east-canada,east-canada,seab,seab,
491,484,485,0.08226352785427038,2023.401061957676,2023.401061957676,49.44068248650546,-48.54150154674293,50.49096652929001,-52.75011197055433,east-canada,east-canada,seab,seab,
492,485,527,0.1560740426765399,2023.5571360003526,2023.5571360003526,50.49096652929001,-52.75011197055433,49.16123331161307,-56.43759507010761,east-canada,east-canada,seab,seab,
493,485,486,0.1560740426765399,2023.5571360003526,2023.5571360003526,50.49096652929001,-52.75011197055433,53.84697885267564,-53.801253386059614,east-canada,east-canada,seab,seab,
494,486,487,0.08876914239065994,2023.7174583631038,2023.7174583631038,53.84697885267564,-53.801253386059614,75.72963514074382,-41.10482984608248,east-canada,europe,seab,seab,EPI_ISL_19216501|A/northern_fulmar/Greenland/08238-1.01/2023|H5N5|North_America|2023|wild_avian|A6
495,486,488,0.08876914239065994,2023.7174583631038,2023.7174583631038,53.84697885267564,-53.801253386059614,47.32916753172203,-54.83042352860664,east-canada,east-canada,seab,seab,
496,488,526,0.7022933815281895,2024.3851824567867,2024.3851824567867,47.32916753172203,-54.83042352860664,43.932058007918506,-59.918533985424695,east-canada,east-canada,seab,seab,EPI_ISL_20067351|A/Great_Black-Backed_Gull/NS/FAV-0188-3/2025|H5N5|North_America|2024-11-01|wild_avian|A6
497,488,489,0.7022933815281895,2024.3851824567867,2024.3851824567867,47.32916753172203,-54.83042352860664,47.59408552633135,-54.49688898953365,east-canada,east-canada,seab,seab,
498,489,525,0.6300449972166728,2024.4083104859067,2024.4083104859067,47.59408552633135,-54.49688898953365,47.48518707009469,-52.80014905048449,east-canada,east-canada,seab,seab,EPI_ISL_19750598|A/Great_Black-Backed_Gull/NL/OTH-0105-6/2024|H5N5|North_America|2024-10-04|wild_avian|A6
499,489,490,0.6300449972166728,2024.4083104859067,2024.4083104859067,47.59408552633135,-54.49688898953365,47.14018005690732,-54.732097028243025,east-canada,east-canada,seab,seab,
500,490,524,0.0884499516298874,2024.503498534555,2024.503498534555,47.14018005690732,-54.732097028243025,47.47958129110596,-52.79774246792427,east-canada,east-canada,seab,seab,EPI_ISL_19750599|A/Herring_Gull/NL/OTH-0111-2/2024|H5N5|North_America|2024-11-03|wild_avian|A6
501,490,491,0.0884499516298874,2024.503498534555,2024.503498534555,47.14018005690732,-54.732097028243025,46.00050955965966,-58.12400582787821,east-canada,east-canada,seab,seab,
502,491,523,0.12222238643748494,2024.5956646768739,2024.5956646768739,46.00050955965966,-58.12400582787821,64.06100000000099,-152.23070000000004,east-canada,northwest-us,seab,mammal,26G03248|A/Polar_Bear/AK/26G03248/2025|H5N5|North_America|2025-08-01|nonhuman_mammal|A6
503,491,492,0.12222238643748494,2024.5956646768739,2024.5956646768739,46.00050955965966,-58.12400582787821,44.54277075960812,-59.516547866420886,east-canada,east-canada,seab,seab,
504,492,522,0.11045824595242752,2024.7046830928389,2024.7046830928389,44.54277075960812,-59.516547866420886,43.93392752932005,-59.918683651820054,east-canada,east-canada,seab,seab,EPI_ISL_19750590|A/Herring_Gull/NS/FAV-0380-3/2024|H5N5|North_America|2024-10-14|wild_avian|A6
505,492,493,0.11045824595242752,2024.7046830928389,2024.7046830928389,44.54277075960812,-59.516547866420886,44.4886105437811,-61.236949693423014,east-canada,east-canada,seab,seab,
506,493,519,0.13689223780383314,2024.852107725959,2024.852107725959,44.4886105437811,-61.236949693423014,45.09066180131341,-64.41666636415866,east-canada,east-canada,seab,scav,
507,493,494,0.13689223780383314,2024.852107725959,2024.852107725959,44.4886105437811,-61.236949693423014,43.970609252987124,-60.17231198396422,east-canada,east-canada,seab,seab,
508,494,516,0.3207446600986835,2025.1178980906552,2025.1178980906552,43.970609252987124,-60.17231198396422,43.93732943366443,-59.92399180605691,east-canada,east-canada,seab,seab,
509,494,495,0.3207446600986835,2025.1178980906552,2025.1178980906552,43.970609252987124,-60.17231198396422,44.095915739747795,-59.88963629307014,east-canada,east-canada,seab,seab,
510,495,496,0.04722488280216511,2025.158259771961,2025.158259771961,44.095915739747795,-59.88963629307014,43.933339284348776,-59.915438664153996,east-canada,east-canada,seab,seab,EPI_ISL_20067352|A/Great_Black-Backed_Gull/NS/FAV-0188-4/2025|H5N5|North_America|2025-04-25|wild_avian|A6
511,495,497,0.04722488280216511,2025.158259771961,2025.158259771961,44.095915739747795,-59.88963629307014,44.14015148490465,-59.904663163356894,east-canada,east-canada,seab,seab,
512,497,513,0.04569054833431197,2025.1828795360827,2025.1828795360827,44.14015148490465,-59.904663163356894,43.9292026491822,-59.92590957529906,east-canada,east-canada,seab,seab,
513,497,498,0.04569054833431197,2025.1828795360827,2025.1828795360827,44.14015148490465,-59.904663163356894,43.91127427502087,-60.22274821090404,east-canada,east-canada,seab,seab,
514,498,499,0.004848435845880239,2025.1885564583686,2025.1885564583686,43.91127427502087,-60.22274821090404,43.850001675251754,-60.324927625344436,east-canada,east-canada,seab,seab,
515,498,504,0.004848435845880239,2025.1885564583686,2025.1885564583686,43.91127427502087,-60.22274821090404,44.06169518137618,-58.31008044102147,east-canada,east-canada,seab,seab,
516,499,503,0.03587861444360436,2025.2431413472848,2025.2431413472848,43.850001675251754,-60.324927625344436,43.93227824286958,-59.917018031787904,east-canada,east-canada,seab,seab,EPI_ISL_20067336|A/Herring_Gull/NS/FAV-0186-8/2025|H5N5|North_America|2025-04-26|wild_avian|A6
517,499,500,0.03587861444360436,2025.2431413472848,2025.2431413472848,43.850001675251754,-60.324927625344436,43.938576800386045,-59.90432066230331,east-canada,east-canada,seab,seab,
518,500,502,0.048379962526859874,2025.280646504608,2025.280646504608,43.938576800386045,-59.90432066230331,43.9310733912106,-59.91749751805473,east-canada,east-canada,seab,seab,EPI_ISL_20067327|A/Great_Black-Backed_Gull/NS/FAV-0186-4/2025|H5N5|North_America|2025-04-26|wild_avian|A6
519,500,501,0.048379962526859874,2025.280646504608,2025.280646504608,43.938576800386045,-59.90432066230331,43.93385648015716,-59.91606352960812,east-canada,east-canada,seab,seab,EPI_ISL_20067353|A/Great_Black-Backed_Gull/NS/FAV-0188-5/2025|H5N5|North_America|2025-04-25|wild_avian|A6
520,504,510,0.016699711755009616,2025.1851257842045,2025.1851257842045,44.06169518137618,-58.31008044102147,43.93354764659557,-60.0131419982583,east-canada,east-canada,seab,seab,
521,504,505,0.016699711755009616,2025.1851257842045,2025.1851257842045,44.06169518137618,-58.31008044102147,44.052458653133925,-58.98341357241758,east-canada,east-canada,seab,seab,
522,505,506,0.054781363958559925,2025.2453941038925,2025.2453941038925,44.052458653133925,-58.98341357241758,43.9307147181927,-59.91475747659488,east-canada,east-canada,seab,seab,EPI_ISL_20067357|A/Great_Black-Backed_Gull/NS/FAV-0188-9/2025|H5N5|North_America|2025-04-25|wild_avian|A6
523,505,507,0.054781363958559925,2025.2453941038925,2025.2453941038925,44.052458653133925,-58.98341357241758,43.89088235005844,-59.976273353847745,east-canada,east-canada,seab,seab,
524,507,509,0.0383145100230922,2025.2319995438897,2025.2319995438897,43.89088235005844,-59.976273353847745,43.9294446418058,-59.917543627747875,east-canada,east-canada,seab,seab,EPI_ISL_20067329|A/Great_Black-Backed_Gull/NS/FAV-0186-5/2025|H5N5|North_America|2025-04-26|wild_avian|A6
525,507,508,0.0383145100230922,2025.2319995438897,2025.2319995438897,43.89088235005844,-59.976273353847745,43.93326507694993,-59.91788538978205,east-canada,east-canada,seab,seab,EPI_ISL_20067345|A/Herring_Gull/NS/FAV-0188-10/2025|H5N5|North_America|2025-04-25|wild_avian|A6
526,510,512,0.04040821477691997,2025.2696354763814,2025.2696354763814,43.93354764659557,-60.0131419982583,43.93342761371169,-59.91776511767753,east-canada,east-canada,seab,seab,EPI_ISL_20067331|A/Great_Black-Backed_Gull/NS/FAV-0186-6/2025|H5N5|North_America|2025-04-26|wild_avian|A6
527,510,511,0.04040821477691997,2025.2696354763814,2025.2696354763814,43.93354764659557,-60.0131419982583,43.93248953775471,-59.91629931946855,east-canada,east-canada,seab,seab,EPI_ISL_20067355|A/Great_Black-Backed_Gull/NS/FAV-0188-7/2025|H5N5|North_America|2025-04-25|wild_avian|A6
528,513,514,0.04667238727672463,2025.2869222939607,2025.2869222939607,43.9292026491822,-59.92590957529906,43.932937173138505,-59.915867625292044,east-canada,east-canada,seab,seab,EPI_ISL_20067354|A/Great_Black-Backed_Gull/NS/FAV-0188-6/2025|H5N5|North_America|2025-04-25|wild_avian|A6
529,513,515,0.04667238727672463,2025.2869222939607,2025.2869222939607,43.9292026491822,-59.92590957529906,43.932611148581394,-59.916838305210604,east-canada,east-canada,seab,seab,EPI_ISL_20067347|A/Great_Black-Backed_Gull/NS/FAV-0188-11/2025|H5N5|North_America|2025-04-25|wild_avian|A6
530,516,517,0.05041562997531171,2025.2150273531117,2025.2150273531117,43.93732943366443,-59.92399180605691,43.93119595878321,-59.91614889904951,east-canada,east-canada,seab,seab,EPI_ISL_20067356|A/Great_Black-Backed_Gull/NS/FAV-0188-8/2025|H5N5|North_America|2025-04-25|wild_avian|A6
531,516,518,0.05041562997531171,2025.2150273531117,2025.2150273531117,43.93732943366443,-59.92399180605691,43.931999286579895,-59.916101493493805,east-canada,east-canada,seab,seab,EPI_ISL_20067322|A/Great_Black-Backed_Gull/NS/FAV-0186-1/2025|H5N5|North_America|2025-04-25|wild_avian|A6
532,519,520,0.3580137282416228,2025.1707374852822,2025.1707374852822,45.09066180131341,-64.41666636415866,45.10008673206701,-64.41121115956992,east-canada,east-canada,scav,scav,EPI_ISL_20067305|A/American_Crow/NS/FAV-0132-2/2025|H5N5|North_America|2025-03-13|wild_avian|A6
533,519,521,0.3580137282416228,2025.1707374852822,2025.1707374852822,45.09066180131341,-64.41666636415866,45.098484225392106,-64.4107978483359,east-canada,east-canada,scav,scav,EPI_ISL_20067303|A/American_Crow/NS/FAV-0132-1/2025|H5N5|North_America|2025-03-13|wild_avian|A6
534,527,528,0.03225776989868659,2023.618016129878,2023.618016129878,49.16123331161307,-56.43759507010761,51.69609616015963,-58.18909413590019,east-canada,east-canada,seab,seab,
535,527,541,0.03225776989868659,2023.618016129878,2023.618016129878,49.16123331161307,-56.43759507010761,48.40408464495665,-54.96244919796629,east-canada,east-canada,seab,seab,
536,528,540,0.09064254227432758,2023.729286760257,2023.729286760257,51.69609616015963,-58.18909413590019,47.48391294385888,-52.8001261639269,east-canada,east-canada,seab,seab,EPI_ISL_19260106|A/Herring_Gull/NL/FAV-0430-14/2023|H5N5|North_America|2023-11-02|wild_avian|A6
537,528,529,0.09064254227432758,2023.729286760257,2023.729286760257,51.69609616015963,-58.18909413590019,53.10552866407117,-66.1657895275464,east-canada,northeast-us,seab,seab,
538,529,530,0.12502926710745033,2023.8544578813862,2023.8544578813862,53.10552866407117,-66.1657895275464,41.82902885409766,-69.97611687671426,northeast-us,northeast-us,seab,seab,EPI_ISL_19736843|A/great_black-backed_gull/Massachusetts/004865-020/2024|H5N5|North_America|2024-01-18|wild_avian|A6
539,529,531,0.12502926710745033,2023.8544578813862,2023.8544578813862,53.10552866407117,-66.1657895275464,67.24951649254974,-91.5970986938825,northeast-us,north-canada,seab,mammal,
540,531,532,0.766176323158095,2024.6200922334667,2024.6200922334667,67.24951649254974,-91.5970986938825,69.40669358194826,-93.66587956607532,north-canada,north-canada,mammal,mammal,
541,531,535,0.766176323158095,2024.6200922334667,2024.6200922334667,67.24951649254974,-91.5970986938825,68.24804727287409,-92.63735799689915,north-canada,north-canada,mammal,seab,
542,532,533,0.041565083784616846,2024.6943959706707,2024.6943959706707,69.40669358194826,-93.66587956607532,74.6781089796943,-94.84491767411234,north-canada,north-canada,mammal,mammal,EPI_ISL_19750594|A/Ringed_Seal/NU/FAV-0410-3/2024|H5N5|North_America|2024-10-09|nonhuman_mammal|A6
543,532,534,0.041565083784616846,2024.6943959706707,2024.6943959706707,69.40669358194826,-93.66587956607532,74.6728249435221,-94.84516161008769,north-canada,north-canada,mammal,mammal,EPI_ISL_19750593|A/Ringed_Seal/NU/FAV-0410-2/2024|H5N5|North_America|2024-10-09|nonhuman_mammal|A6
544,535,536,0.030979620833579257,2024.6842780510694,2024.6842780510694,68.24804727287409,-92.63735799689915,74.67875491462256,-94.84520172679053,north-canada,north-canada,seab,seab,EPI_ISL_19750586|A/Northern_Fulmar/NU/FAV-0290-1/2024|H5N5|North_America|2024-10-03|wild_avian|A6
545,535,537,0.030979620833579257,2024.6842780510694,2024.6842780510694,68.24804727287409,-92.63735799689915,51.65997068271251,-115.42136229277163,north-canada,northwest-us,seab,mammal,
546,537,538,0.9897313263711147,2025.6618740188203,2025.6618740188203,51.65997068271251,-115.42136229277163,47.37972416408785,-120.45114005486687,northwest-us,northwest-us,mammal,other,EPI_ISL_20329832|A/environment/Washington/04434-001-v/2025|H5N5|North_America|2025-11-14|other|A6
547,537,539,0.9897313263711147,2025.6618740188203,2025.6618740188203,51.65997068271251,-115.42136229277163,47.38165530343041,-120.4535483903279,northwest-us,northwest-us,mammal,mammal,EPI_ISL_20252012|A/Washington/2148/2025|H5N5|North_America|2025-11-10|human|A6
548,541,542,0.04412070287304971,2023.6280363268452,2023.6280363268452,48.40408464495665,-54.96244919796629,47.67118075930232,-55.39012887350415,east-canada,east-canada,seab,seab,
549,541,549,0.04412070287304971,2023.6280363268452,2023.6280363268452,48.40408464495665,-54.96244919796629,47.44119236066368,-55.295452731998395,east-canada,east-canada,seab,seab,
550,542,548,0.062476727602989404,2023.6978956223954,2023.6978956223954,47.67118075930232,-55.39012887350415,47.48284052744345,-52.79768985693884,east-canada,east-canada,seab,seab,EPI_ISL_19260105|A/Herring_Gull/NL/FAV-0430-13/2023|H5N5|North_America|2023-11-06|wild_avian|A6
551,542,543,0.062476727602989404,2023.6978956223954,2023.6978956223954,47.67118075930232,-55.39012887350415,46.487466325404434,-62.0778479191985,east-canada,east-canada,seab,seab,
552,543,547,0.29442795902612556,2023.9927969049481,2023.9927969049481,46.487466325404434,-62.0778479191985,46.365469999999924,-62.86693999999989,east-canada,east-canada,seab,mammal,EPI_ISL_19260117|A/Striped_Skunk/PEI/FAV-0130-1/2024|H5N5|North_America|2024-04-09|nonhuman_mammal|A6
553,543,544,0.29442795902612556,2023.9927969049481,2023.9927969049481,46.487466325404434,-62.0778479191985,46.23301309831853,-63.135438670574246,east-canada,east-canada,seab,scav,
554,544,545,0.09719189632434376,2024.0899888012725,2024.0899888012725,46.23301309831853,-63.135438670574246,46.23328430224435,-63.13052999238018,east-canada,east-canada,scav,scav,EPI_ISL_19260111|A/American_Crow/PEI/FAV-0074-3/2024|H5N5|North_America|2024-02-09|wild_avian|A6
555,544,546,0.09719189632434376,2024.0899888012725,2024.0899888012725,46.23301309831853,-63.135438670574246,46.2393531888977,-63.13148973233592,east-canada,east-canada,scav,scav,EPI_ISL_19260110|A/American_Crow/PEI/FAV-0074-2/2024|H5N5|North_America|2024-02-09|wild_avian|A6
556,549,550,0.050156741010539296,2023.6771666632771,2023.6771666632771,47.44119236066368,-55.295452731998395,47.11724970385808,-54.749965875540234,east-canada,east-canada,seab,seab,
557,549,555,0.050156741010539296,2023.6771666632771,2023.6771666632771,47.44119236066368,-55.295452731998395,45.4930453943592,-59.164968319814434,east-canada,east-canada,seab,seab,
558,550,551,0.052974358645287746,2023.7294215072832,2023.7294215072832,47.11724970385808,-54.749965875540234,43.93422984792069,-59.918258598098326,east-canada,east-canada,seab,seab,EPI_ISL_19750582|A/Herring_Gull/NS/FAV-0245-4/2024|H5N5|North_America|2024-04-05|wild_avian|A6
559,550,552,0.052974358645287746,2023.7294215072832,2023.7294215072832,47.11724970385808,-54.749965875540234,47.55733958828713,-52.83805828975467,east-canada,east-canada,seab,seab,
560,552,553,0.06287204531956912,2023.7922935526028,2023.7922935526028,47.55733958828713,-52.83805828975467,47.48402424876149,-52.79611458987453,east-canada,east-canada,seab,seab,EPI_ISL_19260103|A/Great_Black-Backed_Gull/NL/FAV-0430-11/2023|H5N5|North_America|2023-11-10|wild_avian|A6
561,552,554,0.06287204531956912,2023.7922935526028,2023.7922935526028,47.55733958828713,-52.83805828975467,47.64923999999943,-52.70176000000085,east-canada,east-canada,seab,seab,EPI_ISL_19260104|A/Herring_Gull/NL/FAV-0430-12/2023|H5N5|North_America|2023-11-02|wild_avian|A6
562,555,556,0.42311094972093793,2024.1972989832657,2024.1972989832657,45.4930453943592,-59.164968319814434,43.93307051264024,-59.918069359770705,east-canada,east-canada,seab,seab,EPI_ISL_20067350|A/Great_Black-Backed_Gull/NS/FAV-0188-2/2025|H5N5|North_America|2024-11-01|wild_avian|A6
563,555,557,0.42311094972093793,2024.1972989832657,2024.1972989832657,45.4930453943592,-59.164968319814434,45.86478202571523,-60.78389917608791,east-canada,east-canada,seab,seab,
564,557,558,0.25354733414283126,2024.4482591206988,2024.4482591206988,45.86478202571523,-60.78389917608791,46.20521000000007,-63.22507000000038,east-canada,east-canada,seab,mammal,EPI_ISL_20067300|A/Striped_Skunk/PEI/FAV-0128-4/2025|H5N5|North_America|2025-03-26|nonhuman_mammal|A6
565,557,559,0.25354733414283126,2024.4482591206988,2024.4482591206988,45.86478202571523,-60.78389917608791,45.79498619999514,-59.80184767335472,east-canada,east-canada,seab,seab,
566,559,560,0.17940347311427746,2024.627278119162,2024.627278119162,45.79498619999514,-59.80184767335472,44.611680000000995,-63.49390000000084,east-canada,east-canada,seab,seab,EPI_ISL_19750616|A/Great_Black-Backed_Gull/NS/FAV-0050-1/2025|H5N5|North_America|2024-11-25|wild_avian|A6
567,559,561,0.17940347311427746,2024.627278119162,2024.627278119162,45.79498619999514,-59.80184767335472,47.48104508879388,-52.79311706620383,east-canada,east-canada,seab,seab,EPI_ISL_19750601|A/Herring_Gull/NL/OTH-0111-4/2024|H5N5|North_America|2024-11-15|wild_avian|A6
568,562,563,0.17030696001099108,2023.5713689176869,2023.5713689176869,47.14929148743371,-53.733132060663955,44.165647099531796,-59.50494100476896,east-canada,east-canada,seab,seab,
569,562,574,0.17030696001099108,2023.5713689176869,2023.5713689176869,47.14929148743371,-53.733132060663955,47.092464134641546,-54.19433565813362,east-canada,east-canada,seab,seab,
570,563,571,0.5631842518000172,2024.136914735492,2024.136914735492,44.165647099531796,-59.50494100476896,43.922366738271705,-59.89374518644225,east-canada,east-canada,seab,seab,
571,563,564,0.5631842518000172,2024.136914735492,2024.136914735492,44.165647099531796,-59.50494100476896,43.93646068306444,-59.79821158175408,east-canada,east-canada,seab,seab,
572,564,568,0.05535346789748583,2024.1880379871295,2024.1880379871295,43.93646068306444,-59.79821158175408,43.954687811379046,-59.87859344792367,east-canada,east-canada,seab,seab,
573,564,565,0.05535346789748583,2024.1880379871295,2024.1880379871295,43.93646068306444,-59.79821158175408,43.94143514375834,-59.88173171303512,east-canada,east-canada,seab,seab,
574,565,566,0.03975416987269734,2024.226609727168,2024.226609727168,43.94143514375834,-59.88173171303512,43.93496112592322,-59.91858758483522,east-canada,east-canada,seab,seab,EPI_ISL_19750579|A/Great_Black-Backed_Gull/NS/FAV-0243-3/2024|H5N5|North_America|2024-05-01|wild_avian|A6
575,565,567,0.03975416987269734,2024.226609727168,2024.226609727168,43.94143514375834,-59.88173171303512,43.9333399497995,-59.91714615782311,east-canada,east-canada,seab,seab,EPI_ISL_19750580|A/Great_Black-Backed_Gull/NS/FAV-0245-2/2024|H5N5|North_America|2024-04-03|wild_avian|A6
576,568,570,0.03978198323151303,2024.2345687532613,2024.2345687532613,43.954687811379046,-59.87859344792367,43.931269089537516,-59.918591539054766,east-canada,east-canada,seab,seab,EPI_ISL_19750577|A/Herring_Gull/NS/FAV-0243-1/2024|H5N5|North_America|2024-04-26|wild_avian|A6
577,568,569,0.03978198323151303,2024.2345687532613,2024.2345687532613,43.954687811379046,-59.87859344792367,43.92910659769145,-59.91742555549844,east-canada,east-canada,seab,seab,EPI_ISL_19750583|A/Iceland_Gull/NS/FAV-0245-5/2024|H5N5|North_America|2024-04-09|wild_avian|A6
578,571,572,0.04851725530602037,2024.214917779455,2024.214917779455,43.922366738271705,-59.89374518644225,43.93459357450778,-59.916277549638174,east-canada,east-canada,seab,seab,EPI_ISL_19750578|A/Great_Black-Backed_Gull/NS/FAV-0243-2/2024|H5N5|North_America|2024-05-01|wild_avian|A6
579,571,573,0.04851725530602037,2024.214917779455,2024.214917779455,43.922366738271705,-59.89374518644225,43.9334179135376,-59.91709103686678,east-canada,east-canada,seab,seab,EPI_ISL_19750585|A/Great_Black-Backed_Gull/NS/FAV-0245-7/2024|H5N5|North_America|2024-04-21|wild_avian|A6
580,574,575,0.05430112024343768,2023.6236900795134,2023.6236900795134,47.092464134641546,-54.19433565813362,47.116870000000304,-52.023800000000435,east-canada,east-canada,seab,seab,EPI_ISL_19260107|A/Great_Black-Backed_Gull/NL/FAV-0430-7/2023|H5N5|North_America|2023-09-28|wild_avian|A6
581,574,576,0.05430112024343768,2023.6236900795134,2023.6236900795134,47.092464134641546,-54.19433565813362,46.572277731049894,-59.04118307605234,east-canada,east-canada,seab,seab,
582,576,594,0.10244653976713194,2023.7259925472033,2023.7259925472033,46.572277731049894,-59.04118307605234,46.66268999999987,-71.57358999999998,east-canada,east-canada,seab,scav,EPI_ISL_19260118|A/American_Crow/QC/FAV-0132-1/2024|H5N5|North_America|2024-04-11|wild_avian|A6
583,576,577,0.10244653976713194,2023.7259925472033,2023.7259925472033,46.572277731049894,-59.04118307605234,46.12164019845537,-60.258263605140684,east-canada,east-canada,seab,seab,
584,577,578,0.09848583561558073,2023.8244783828188,2023.8244783828188,46.12164019845537,-60.258263605140684,46.12803036726346,-60.106484194152124,east-canada,east-canada,seab,seab,
585,577,583,0.09848583561558073,2023.8244783828188,2023.8244783828188,46.12164019845537,-60.258263605140684,45.343336544898925,-62.51923521101695,east-canada,east-canada,seab,seab,
586,578,582,0.022354811864742332,2023.854010673616,2023.854010673616,46.12803036726346,-60.106484194152124,46.18057078941667,-59.90080336859127,east-canada,east-canada,seab,seab,EPI_ISL_19260099|A/Great_Black-Backed_Gull/NS/FAV-0405-1/2023|H5N5|North_America|2023-11-20|wild_avian|A6
587,578,579,0.022354811864742332,2023.854010673616,2023.854010673616,46.12803036726346,-60.106484194152124,46.16504623426102,-59.95983757617204,east-canada,east-canada,seab,seab,
588,579,580,0.020541921853094423,2023.8630228108598,2023.8630228108598,46.16504623426102,-59.95983757617204,46.184235947134596,-59.900626054452985,east-canada,east-canada,seab,seab,EPI_ISL_19260101|A/Great_Black-Backed_Gull/NS/FAV-0405-3/2023|H5N5|North_America|2023-11-20|wild_avian|A6
589,579,581,0.020541921853094423,2023.8630228108598,2023.8630228108598,46.16504623426102,-59.95983757617204,46.178473217442615,-59.90150077434021,east-canada,east-canada,seab,seab,EPI_ISL_19260100|A/Great_Black-Backed_Gull/NS/FAV-0405-2/2023|H5N5|North_America|2023-11-20|wild_avian|A6
590,583,593,0.035627986791527046,2023.8880281992017,2023.8880281992017,45.343336544898925,-62.51923521101695,41.95406999999979,-70.6587900000009,east-canada,northeast-us,seab,seab,EPI_ISL_19737349|A/great_black-backed_gull/Massachusetts/000869-003/2023|H5N5|North_America|2023-12-27|wild_avian|A6
591,583,584,0.035627986791527046,2023.8880281992017,2023.8880281992017,45.343336544898925,-62.51923521101695,45.735232576317514,-63.00065253399883,east-canada,east-canada,seab,seab,
592,584,590,0.12241986011574008,2023.983121127538,2023.983121127538,45.735232576317514,-63.00065253399883,45.537118496467016,-63.62679827099973,east-canada,east-canada,seab,seab,
593,584,585,0.12241986011574008,2023.983121127538,2023.983121127538,45.735232576317514,-63.00065253399883,46.16501713613683,-63.16425496444174,east-canada,east-canada,seab,mammal,
594,585,586,0.10222158256412488,2024.1174673700398,2024.1174673700398,46.16501713613683,-63.16425496444174,46.21370966247821,-63.08624485042113,east-canada,east-canada,mammal,mammal,EPI_ISL_19260115|A/Striped_Skunk/PEI/FAV-0109-1/2024|H5N5|North_America|2024-03-11|nonhuman_mammal|A6
595,585,587,0.10222158256412488,2024.1174673700398,2024.1174673700398,46.16501713613683,-63.16425496444174,46.193017722433844,-63.115121832707196,east-canada,east-canada,mammal,mammal,
596,587,588,0.025322796659554593,2024.1447490927249,2024.1447490927249,46.193017722433844,-63.115121832707196,46.21603290580755,-63.088074381122375,east-canada,east-canada,mammal,mammal,EPI_ISL_19260116|A/Striped_Skunk/PEI/FAV-0111-1/2024|H5N5|North_America|2024-03-14|nonhuman_mammal|A6
597,587,589,0.025322796659554593,2024.1447490927249,2024.1447490927249,46.193017722433844,-63.115121832707196,46.214115259849635,-63.0879984686579,east-canada,east-canada,mammal,mammal,EPI_ISL_19260113|A/Raccoon/PEI/FAV-0093-1/2024|H5N5|North_America|2024-03-06|nonhuman_mammal|A6
598,590,591,0.046372793382547246,2024.04001035068,2024.04001035068,45.537118496467016,-63.62679827099973,41.75067000000057,-69.9911300000006,east-canada,northeast-us,seab,bdpr,EPI_ISL_19736906|A/red-tailed_hawk/Massachusetts/014126-021/2024|H5N5|North_America|2024-03-16|wild_avian|A6
599,590,592,0.046372793382547246,2024.04001035068,2024.04001035068,45.537118496467016,-63.62679827099973,46.213427882951514,-63.0876383525792,east-canada,east-canada,seab,mammal,EPI_ISL_19260114|A/Raccoon/PEI/FAV-0108-1/2024|H5N5|North_America|2024-03-14|nonhuman_mammal|A6
600,598,686,0.14716092212296153,2021.8897064731693,2021.8897064731693,63.41169518940713,2.085456304456817,69.7266425117878,13.251709111242924,europe,europe,seab,seab,
601,598,599,0.14716092212296153,2021.8897064731693,2021.8897064731693,63.41169518940713,2.085456304456817,48.397084221115755,-49.10490565153565,europe,east-canada,seab,seab,
602,599,600,0.4618341606516656,2022.3235497646115,2022.3235497646115,48.397084221115755,-49.10490565153565,46.571792507779165,-57.17491250376095,east-canada,east-canada,seab,seab,
603,599,609,0.4618341606516656,2022.3235497646115,2022.3235497646115,48.397084221115755,-49.10490565153565,45.49485719242304,-57.72942396374083,east-canada,east-canada,seab,seab,
604,600,606,0.27822027527012755,2022.6017700398816,2022.6017700398816,46.571792507779165,-57.17491250376095,43.96161305509652,-59.864845700536826,east-canada,east-canada,seab,seab,
605,600,601,0.27822027527012755,2022.6017700398816,2022.6017700398816,46.571792507779165,-57.17491250376095,46.430020374257516,-63.168344203063114,east-canada,east-canada,seab,seab,
606,601,602,0.31395870934392456,2022.9157287492255,2022.9157287492255,46.430020374257516,-63.168344203063114,46.54131969656575,-63.596983629315325,east-canada,east-canada,seab,mammal,EPI_ISL_18702959|A/Raccoon/PEI/FAV-0193-1/2023|H5N5|North_America|2023-04-03|nonhuman_mammal|A6
607,601,603,0.31395870934392456,2022.9157287492255,2022.9157287492255,46.430020374257516,-63.168344203063114,46.448979640562605,-63.702514714047545,east-canada,east-canada,seab,seab,
608,603,605,0.06636622436190773,2022.9779108412451,2022.9779108412451,46.448979640562605,-63.702514714047545,46.54232063226138,-63.593141262893084,east-canada,east-canada,seab,mammal,EPI_ISL_18702960|A/Raccoon/PEI/FAV-0199-1/2023|H5N5|North_America|2023-04-29|nonhuman_mammal|A6
609,603,604,0.06636622436190773,2022.9779108412451,2022.9779108412451,46.448979640562605,-63.702514714047545,46.39420563623755,-63.78820269370861,east-canada,east-canada,seab,scav,EPI_ISL_18702952|A/American_Crow/PEI/FAV-0035-6/2023|H5N5|North_America|2023-01-09|wild_avian|A6
610,606,607,0.5361624977556566,2023.1379325376372,2023.1379325376372,43.96161305509652,-59.864845700536826,43.93434499657951,-59.915769999926844,east-canada,east-canada,seab,seab,EPI_ISL_18702981|A/Great_Black-Backed_Gull/NS/FAV-0264-15/2023|H5N5|North_America|2023-04-30|wild_avian|A6
611,606,608,0.5361624977556566,2023.1379325376372,2023.1379325376372,43.96161305509652,-59.864845700536826,43.933503043689186,-59.91806844744332,east-canada,east-canada,seab,seab,EPI_ISL_18702978|A/Northern_Fulmar/NS/FAV-0264-12/2023|H5N5|North_America|2023-04-08|wild_avian|A6
612,609,659,0.16375659162581857,2022.4873063562372,2022.4873063562372,45.49485719242304,-57.72942396374083,44.931875259648336,-60.50597610900692,east-canada,east-canada,seab,seab,
613,609,610,0.16375659162581857,2022.4873063562372,2022.4873063562372,45.49485719242304,-57.72942396374083,44.894978428539204,-59.67510687567298,east-canada,east-canada,seab,seab,
614,610,611,0.04738523392469588,2022.5640023446124,2022.5640023446124,44.894978428539204,-59.67510687567298,45.43336481704966,-55.961014768846255,east-canada,east-canada,seab,seab,
615,610,614,0.04738523392469588,2022.5640023446124,2022.5640023446124,44.894978428539204,-59.67510687567298,45.28062427656955,-59.11712304182249,east-canada,east-canada,seab,seab,
616,611,613,0.2230362039812364,2022.8123615464008,2022.8123615464008,45.43336481704966,-55.961014768846255,43.932878017975575,-59.91295206353112,east-canada,east-canada,seab,seab,EPI_ISL_18702992|A/Herring_Gull/NS/FAV-0406-4/2023|H5N5|North_America|2023-05-16|wild_avian|A6
617,611,612,0.2230362039812364,2022.8123615464008,2022.8123615464008,45.43336481704966,-55.961014768846255,63.987929043446286,12.307344004014263,east-canada,europe,seab,bdpr,EPI_ISL_18851332|A/Northern_goshawk/Norway/2023-07-184-1/2023|H5N5|Europe|2023-03-13|wild_avian|A6
618,614,615,0.038144910004570654,2022.5526878962396,2022.5526878962396,45.28062427656955,-59.11712304182249,44.32030711123234,-59.94645450296945,east-canada,east-canada,seab,seab,
619,614,630,0.038144910004570654,2022.5526878962396,2022.5526878962396,45.28062427656955,-59.11712304182249,44.317477871470054,-60.11257054395592,east-canada,east-canada,seab,seab,
620,615,625,0.092074768963178,2022.663971750479,2022.663971750479,44.32030711123234,-59.94645450296945,44.100508479959956,-60.03340957650823,east-canada,east-canada,seab,seab,
621,615,616,0.092074768963178,2022.663971750479,2022.663971750479,44.32030711123234,-59.94645450296945,44.19021468078472,-60.16454106871556,east-canada,east-canada,seab,seab,
622,616,624,0.047454154040504695,2022.7102884624173,2022.7102884624173,44.19021468078472,-60.16454106871556,43.933008628201875,-59.91864868064924,east-canada,east-canada,seab,seab,EPI_ISL_18702982|A/Northern_Fulmar/NS/FAV-0264-3/2023|H5N5|North_America|2023-02-16|wild_avian|A6
623,616,617,0.047454154040504695,2022.7102884624173,2022.7102884624173,44.19021468078472,-60.16454106871556,44.09851645370626,-61.24676934725243,east-canada,east-canada,seab,seab,
624,617,618,0.14042716912941236,2022.8333878092928,2022.8333878092928,44.09851645370626,-61.24676934725243,43.93228319162021,-59.91844867099248,east-canada,east-canada,seab,seab,EPI_ISL_18702971|A/Herring_Gull/NS/FAV-0263-6/2023|H5N5|North_America|2023-04-13|wild_avian|A6
625,617,619,0.14042716912941236,2022.8333878092928,2022.8333878092928,44.09851645370626,-61.24676934725243,44.12578217792225,-64.74648398521637,east-canada,east-canada,seab,seab,
626,619,620,0.1222254315502376,2022.9556132408431,2022.9556132408431,44.12578217792225,-64.74648398521637,45.26882904947127,-66.0683612108495,east-canada,east-canada,seab,scav,EPI_ISL_18702956|A/American_Crow/NB/FAV-0095-1/2023|H5N5|North_America|2023-02-02|wild_avian|A6
627,619,621,0.1222254315502376,2022.9556132408431,2022.9556132408431,44.12578217792225,-64.74648398521637,42.9316189512252,-66.30340579627222,east-canada,east-canada,seab,seab,
628,621,623,0.11212477212464719,2023.0677380129678,2023.0677380129678,42.9316189512252,-66.30340579627222,43.93159581614702,-59.91684343454211,east-canada,east-canada,seab,seab,EPI_ISL_18702975|A/Northern_Fulmar/NS/FAV-0264-1/2023|H5N5|North_America|2023-02-16|wild_avian|A6
629,621,622,0.11212477212464719,2023.0677380129678,2023.0677380129678,42.9316189512252,-66.30340579627222,41.8303074753538,-69.97139032799879,east-canada,northeast-us,seab,seab,EPI_ISL_19736914|A/great_black-backed_gull/Massachusetts/015884-003/2023|H5N5|North_America|2023-02-08|wild_avian|A6
630,625,629,0.23912437136234455,2022.9402501415318,2022.9402501415318,44.100508479959956,-60.03340957650823,43.93189222797335,-59.91649452303089,east-canada,east-canada,seab,seab,EPI_ISL_18702984|A/Northern_Fulmar/NS/FAV-0264-5/2023|H5N5|North_America|2023-02-16|wild_avian|A6
631,625,626,0.23912437136234455,2022.9402501415318,2022.9402501415318,44.100508479959956,-60.03340957650823,44.391298812655684,-60.54017993361313,east-canada,east-canada,seab,seab,
632,626,627,0.2874262714024871,2023.2276764129342,2023.2276764129342,44.391298812655684,-60.54017993361313,45.101500000000044,-61.54303999999905,east-canada,east-canada,seab,seab,EPI_ISL_18702962|A/Herring_Gull/NS/FAV-0231-1/2023|H5N5|North_America|2023-06-02|wild_avian|A6
633,626,628,0.2874262714024871,2023.2276764129342,2023.2276764129342,44.391298812655684,-60.54017993361313,43.930176701970545,-59.91755067241013,east-canada,east-canada,seab,seab,EPI_ISL_18702990|A/Northern_Fulmar/NS/FAV-0406-2/2023|H5N5|North_America|2023-05-15|wild_avian|A6
634,630,631,0.1735087534414942,2022.718633516919,2022.718633516919,44.317477871470054,-60.11257054395592,43.93061419417194,-59.91565285640298,east-canada,east-canada,seab,seab,EPI_ISL_18702986|A/Northern_Fulmar/NS/FAV-0264-7/2023|H5N5|North_America|2023-03-02|wild_avian|A6
635,630,632,0.1735087534414942,2022.718633516919,2022.718633516919,44.317477871470054,-60.11257054395592,44.40936652505414,-60.48144895994354,east-canada,east-canada,seab,seab,
636,632,633,0.056847072909133094,2022.774810405363,2022.774810405363,44.40936652505414,-60.48144895994354,43.93156573564659,-59.91704710378651,east-canada,east-canada,seab,seab,EPI_ISL_18702977|A/Black-Legged_Kittiwake/NS/FAV-0264-11/2023|H5N5|North_America|2023-03-21|wild_avian|A6
637,632,634,0.056847072909133094,2022.774810405363,2022.774810405363,44.40936652505414,-60.48144895994354,44.94166406687697,-61.44618324223584,east-canada,east-canada,seab,seab,
638,634,658,0.05355533596180339,2022.8238840182883,2022.8238840182883,44.94166406687697,-61.44618324223584,46.116409999999895,-62.53762999999933,east-canada,east-canada,seab,mammal,EPI_ISL_18702961|A/Striped_Skunk/PEI/FAV-0210-1/2023|H5N5|North_America|2023-05-16|nonhuman_mammal|A6
639,634,635,0.05355533596180339,2022.8238840182883,2022.8238840182883,44.94166406687697,-61.44618324223584,44.88346111381298,-61.64917811423568,east-canada,east-canada,seab,seab,
640,635,636,0.04586989303214952,2022.8701898650108,2022.8701898650108,44.88346111381298,-61.64917811423568,45.00624222999461,-62.01393641506899,east-canada,east-canada,seab,seab,
641,635,641,0.04586989303214952,2022.8701898650108,2022.8701898650108,44.88346111381298,-61.64917811423568,44.84711644652217,-61.410933089476416,east-canada,east-canada,seab,seab,
642,636,640,0.10638294557646953,2022.9769919482799,2022.9769919482799,45.00624222999461,-62.01393641506899,43.93292056436967,-59.91515125958108,east-canada,east-canada,seab,seab,EPI_ISL_18702979|A/Northern_Fulmar/NS/FAV-0264-13/2023|H5N5|North_America|2023-04-29|wild_avian|A6
643,636,637,0.10638294557646953,2022.9769919482799,2022.9769919482799,45.00624222999461,-62.01393641506899,45.1007869426591,-62.93071269022655,east-canada,east-canada,seab,seab,
644,637,638,0.042686047868957286,2023.0096972539357,2023.0096972539357,45.1007869426591,-62.93071269022655,44.60118000000029,-63.56124999999929,east-canada,east-canada,seab,mammal,EPI_ISL_18702989|A/Red_Fox/NS/FAV-0265-1/2023|H5N5|North_America|2023-05-09|nonhuman_mammal|A6
645,637,639,0.042686047868957286,2023.0096972539357,2023.0096972539357,45.1007869426591,-62.93071269022655,46.22964000000011,-63.2179699999996,east-canada,east-canada,seab,scav,EPI_ISL_18702957|A/American_Crow/PEI/FAV-0144-1/2023|H5N5|North_America|2023-03-03|wild_avian|A6
646,641,642,0.04126875602505076,2022.911066422366,2022.911066422366,44.84711644652217,-61.410933089476416,43.98642068866362,-60.01951362170171,east-canada,east-canada,seab,seab,
647,641,645,0.04126875602505076,2022.911066422366,2022.911066422366,44.84711644652217,-61.410933089476416,45.02300595774508,-61.60553336761123,east-canada,east-canada,seab,seab,
648,642,644,0.06482915122069867,2022.9921564173274,2022.9921564173274,43.98642068866362,-60.01951362170171,43.93240362245958,-59.91839534971894,east-canada,east-canada,seab,seab,EPI_ISL_18702987|A/Northern_Fulmar/NS/FAV-0264-8/2023|H5N5|North_America|2023-03-21|wild_avian|A6
649,642,643,0.06482915122069867,2022.9921564173274,2022.9921564173274,43.98642068866362,-60.01951362170171,43.93146496368534,-59.918310318778865,east-canada,east-canada,seab,seab,EPI_ISL_18702983|A/Northern_Fulmar/NS/FAV-0264-4/2023|H5N5|North_America|2023-02-16|wild_avian|A6
650,645,653,0.026706425904582342,2022.9325350999545,2022.9325350999545,45.02300595774508,-61.60553336761123,46.34032753655415,-63.67250782237383,east-canada,east-canada,seab,scav,
651,645,646,0.026706425904582342,2022.9325350999545,2022.9325350999545,45.02300595774508,-61.60553336761123,44.02800687716022,-60.07126979255681,east-canada,east-canada,seab,seab,
652,646,647,0.17323846781377636,2023.102053856946,2023.102053856946,44.02800687716022,-60.07126979255681,43.93068947056294,-59.9155615473738,east-canada,east-canada,seab,seab,EPI_ISL_18702991|A/Northern_Fulmar/NS/FAV-0406-3/2023|H5N5|North_America|2023-05-15|wild_avian|A6
653,646,648,0.17323846781377636,2023.102053856946,2023.102053856946,44.02800687716022,-60.07126979255681,44.00781218745614,-59.814560627228325,east-canada,east-canada,seab,seab,
654,648,652,0.03857458304908604,2023.1359234985234,2023.1359234985234,44.00781218745614,-59.814560627228325,43.93285715825791,-59.916975212518636,east-canada,east-canada,seab,seab,EPI_ISL_18702976|A/Northern_Fulmar/NS/FAV-0264-10/2023|H5N5|North_America|2023-03-28|wild_avian|A6
655,648,649,0.03857458304908604,2023.1359234985234,2023.1359234985234,44.00781218745614,-59.814560627228325,43.93818214047012,-59.90102559836528,east-canada,east-canada,seab,seab,
656,649,650,0.07064967937434063,2023.1979567744706,2023.1979567744706,43.93818214047012,-59.90102559836528,43.933564618868594,-59.91359176197175,east-canada,east-canada,seab,seab,EPI_ISL_18702969|A/Great_Black-Backed_Gull/NS/FAV-0263-4/2023|H5N5|North_America|2023-04-14|wild_avian|A6
657,649,651,0.07064967937434063,2023.1979567744706,2023.1979567744706,43.93818214047012,-59.90102559836528,43.933594528274945,-59.91674692251351,east-canada,east-canada,seab,seab,EPI_ISL_18702968|A/Great_Black-Backed_Gull/NS/FAV-0263-3/2023|H5N5|North_America|2023-04-14|wild_avian|A6
658,653,654,0.13058378320157668,2023.0575088819721,2023.0575088819721,46.34032753655415,-63.67250782237383,46.392404856782136,-63.79108233337466,east-canada,east-canada,scav,scav,EPI_ISL_18702954|A/American_Crow/PEI/FAV-0068-8/2023|H5N5|North_America|2023-01-31|wild_avian|A6
659,653,655,0.13058378320157668,2023.0575088819721,2023.0575088819721,46.34032753655415,-63.67250782237383,46.39542643017316,-63.76632491398691,east-canada,east-canada,scav,scav,
660,655,656,0.013971029284113345,2023.0722436376395,2023.0722436376395,46.39542643017316,-63.76632491398691,46.39286814983058,-63.790498824019636,east-canada,east-canada,scav,scav,EPI_ISL_18702955|A/American_Crow/PEI/FAV-0068-9/2023|H5N5|North_America|2023-01-31|wild_avian|A6
661,655,657,0.013971029284113345,2023.0722436376395,2023.0722436376395,46.39542643017316,-63.76632491398691,46.39092644716212,-63.7905873733251,east-canada,east-canada,scav,scav,EPI_ISL_18702953|A/American_Crow/PEI/FAV-0068-3/2023|H5N5|North_America|2023-01-31|wild_avian|A6
662,659,683,0.04392244515724076,2022.6049866594635,2022.6049866594635,44.931875259648336,-60.50597610900692,45.989831811106484,-62.515057867420694,east-canada,east-canada,seab,mammal,
663,659,660,0.04392244515724076,2022.6049866594635,2022.6049866594635,44.931875259648336,-60.50597610900692,44.73841026624015,-60.38067857723248,east-canada,east-canada,seab,seab,
664,660,661,0.148258347681681,2022.703067452452,2022.703067452452,44.73841026624015,-60.38067857723248,45.311383996209564,-59.1908890247362,east-canada,east-canada,seab,seab,
665,660,666,0.148258347681681,2022.703067452452,2022.703067452452,44.73841026624015,-60.38067857723248,44.10853070849515,-63.11480498572305,east-canada,east-canada,seab,seab,
666,661,665,0.10256717218114778,2022.808430236455,2022.808430236455,45.311383996209564,-59.1908890247362,78.63303968690045,21.992028591252847,east-canada,europe,seab,seab,EPI_ISL_18963370|A/Glaucous_gull/Norway/2023-07-1149/2023|H5N5|Europe|2023-06-20|wild_avian|A6
667,661,662,0.10256717218114778,2022.808430236455,2022.808430236455,45.311383996209564,-59.1908890247362,43.978410311723465,-61.65946353830683,east-canada,east-canada,seab,seab,
668,662,663,0.34369571777382724,2023.113495044982,2023.113495044982,43.978410311723465,-61.65946353830683,43.649150000000105,-65.80344999999953,east-canada,east-canada,seab,seab,EPI_ISL_18702963|A/Common_Tern/NS/FAV-0234-1/2023|H5N5|North_America|2023-06-09|wild_avian|A6
669,662,664,0.34369571777382724,2023.113495044982,2023.113495044982,43.978410311723465,-61.65946353830683,43.93364291789648,-59.916503184857156,east-canada,east-canada,seab,seab,EPI_ISL_18702988|A/Northern_Fulmar/NS/FAV-0264-9/2023|H5N5|North_America|2023-03-21|wild_avian|A6
670,666,667,0.10768111447757243,2022.8260664444927,2022.8260664444927,44.10853070849515,-63.11480498572305,42.392290612089674,-69.26944948844742,east-canada,northeast-us,seab,seab,
671,666,670,0.10768111447757243,2022.8260664444927,2022.8260664444927,44.10853070849515,-63.11480498572305,44.60425489836389,-61.69182399577208,east-canada,east-canada,seab,seab,
672,667,668,0.26602493629236634,2023.092091380785,2023.092091380785,42.392290612089674,-69.26944948844742,43.38327999999935,-70.54277,northeast-us,northeast-us,seab,seab,EPI_ISL_19736854|A/herring_gull/Maine/037519-001/2023|H5N5|North_America|2023-05-23|wild_avian|A6
673,667,669,0.26602493629236634,2023.092091380785,2023.092091380785,42.392290612089674,-69.26944948844742,41.286297937659775,-70.09995255228353,northeast-us,northeast-us,seab,seab,EPI_ISL_19736858|A/great_black-backed_gull/Massachusetts/015884-021/2023|H5N5|North_America|2023-03-17|wild_avian|A6
674,670,678,0.14581495211083015,2022.9718813966035,2022.9718813966035,44.60425489836389,-61.69182399577208,44.338365862169525,-61.5309493694497,east-canada,east-canada,seab,seab,
675,670,671,0.14581495211083015,2022.9718813966035,2022.9718813966035,44.60425489836389,-61.69182399577208,48.955606109669915,-57.903950856134394,east-canada,east-canada,seab,seab,
676,671,677,0.6982736286009459,2023.6719493026628,2023.6719493026628,48.955606109669915,-57.903950856134394,41.833543382671394,-69.97074359275757,east-canada,northeast-us,seab,seab,24-037650-001|A/Great_black-backed_gull/MA/24-037650-001/2024|H5N5|North_America|2024-11-05|wild_avian|A6
677,671,672,0.6982736286009459,2023.6719493026628,2023.6719493026628,48.955606109669915,-57.903950856134394,50.71743521800115,-55.632975271500726,east-canada,east-canada,seab,seab,
678,672,673,0.08700004230410058,2023.7534569512652,2023.7534569512652,50.71743521800115,-55.632975271500726,75.73454405345358,-41.10230060239372,east-canada,europe,seab,seab,EPI_ISL_19216500|A/glaucous_gull/Greenland/08236-1.02/2023|H5N5|North_America|2023|wild_avian|A6
679,672,674,0.08700004230410058,2023.7534569512652,2023.7534569512652,50.71743521800115,-55.632975271500726,46.83941000152547,-54.10391821684633,east-canada,east-canada,seab,seab,
680,674,675,0.5332719900356603,2024.289051011689,2024.289051011689,46.83941000152547,-54.10391821684633,46.83003309937344,-54.09519951121088,east-canada,east-canada,seab,seab,EPI_ISL_19750597|A/Herring_Gull/NL/OTH-0039-33/2024|H5N5|North_America|2024-05-07|wild_avian|A6
681,674,676,0.5332719900356603,2024.289051011689,2024.289051011689,46.83941000152547,-54.10391821684633,46.830847301969214,-54.09279625527208,east-canada,east-canada,seab,seab,EPI_ISL_19750596|A/Herring_Gull/NL/OTH-0039-32/2024|H5N5|North_America|2024-04-29|wild_avian|A6
682,678,682,0.04475030369953267,2023.0154536772422,2023.0154536772422,44.338365862169525,-61.5309493694497,44.64475932503594,-63.57547255882534,east-canada,east-canada,seab,mammal,EPI_ISL_18702964|A/Red_Fox/NS/FAV-0241-1/2023|H5N5|North_America|2023-05-23|nonhuman_mammal|A6
683,678,679,0.04475030369953267,2023.0154536772422,2023.0154536772422,44.338365862169525,-61.5309493694497,43.95074780775223,-59.99173604342082,east-canada,east-canada,seab,seab,
684,679,681,0.06142652131787688,2023.0770851982295,2023.0770851982295,43.95074780775223,-59.99173604342082,43.931985277694764,-59.917526547742916,east-canada,east-canada,seab,seab,EPI_ISL_18702970|A/Great_Black-Backed_Gull/NS/FAV-0263-5/2023|H5N5|North_America|2023-04-14|wild_avian|A6
685,679,680,0.06142652131787688,2023.0770851982295,2023.0770851982295,43.95074780775223,-59.99173604342082,43.93258698338169,-59.914180549181566,east-canada,east-canada,seab,seab,EPI_ISL_18702985|A/Northern_Fulmar/NS/FAV-0264-6/2023|H5N5|North_America|2023-03-02|wild_avian|A6
686,683,684,0.6405069411047082,2023.2285227089144,2023.2285227089144,45.989831811106484,-62.515057867420694,46.004221530109255,-62.521385291683885,east-canada,east-canada,mammal,mammal,EPI_ISL_18702966|A/Raccoon/PEI/FAV-0247-1/2023|H5N5|North_America|2023-04-18|nonhuman_mammal|A6
687,683,685,0.6405069411047082,2023.2285227089144,2023.2285227089144,45.989831811106484,-62.515057867420694,46.00755916703665,-62.523982871054145,east-canada,east-canada,mammal,mammal,EPI_ISL_18702965|A/Raccoon/PEI/FAV-0244-1/2023|H5N5|North_America|2023-04-18|nonhuman_mammal|A6
688,686,700,0.28569529196679594,2022.1617192338742,2022.1617192338742,69.7266425117878,13.251709111242924,78.59353427508603,21.931118042584945,europe,europe,seab,seab,
689,686,687,0.28569529196679594,2022.1617192338742,2022.1617192338742,69.7266425117878,13.251709111242924,69.76306288787637,12.466401058410762,europe,europe,seab,seab,
690,687,688,0.03482921153185372,2022.201303495244,2022.201303495244,69.76306288787637,12.466401058410762,70.9722645022716,13.986636766277918,europe,europe,seab,seab,
691,687,691,0.03482921153185372,2022.201303495244,2022.201303495244,69.76306288787637,12.466401058410762,69.99252634050437,14.529476589904581,europe,europe,seab,seab,
692,688,689,0.04044307141500707,2022.328472818779,2022.328472818779,70.9722645022716,13.986636766277918,46.238113127514154,-63.131093613367646,europe,east-canada,seab,bdpr,EPI_ISL_18702958|A/Red-Tailed_Hawk/PEI/FAV-0165-1/2023|H5N5|North_America|2023-04-15|wild_avian|A6
693,688,690,0.04044307141500707,2022.328472818779,2022.328472818779,70.9722645022716,13.986636766277918,63.98953190871263,12.309892537600652,europe,europe,seab,seab,EPI_ISL_18455201|A/Great_black-backed_gull/Norway/2022-07-1141-4T/2022|H5N5|Europe|2022-06-15|wild_avian|A6
694,691,692,0.05952987725349938,2022.2446294046094,2022.2446294046094,69.99252634050437,14.529476589904581,63.99266759146061,12.307139767476254,europe,europe,seab,seab,EPI_ISL_18855701|A/Common_gull/Norway/2022-07-897-3/2022|H5N5|Europe|2022-05-30|wild_avian|A6
695,691,693,0.05952987725349938,2022.2446294046094,2022.2446294046094,69.99252634050437,14.529476589904581,70.52202625348211,15.20888324732956,europe,europe,seab,seab,
696,693,694,0.01977092835811428,2022.261160918313,2022.261160918313,70.52202625348211,15.20888324732956,78.63783109805607,21.995734257407538,europe,europe,seab,seab,EPI_ISL_18963365|A/Great_skua/Norway/2022-07-1486-4/2022|H5N5|Europe|2022-07-07|wild_avian|A6
697,693,695,0.01977092835811428,2022.261160918313,2022.261160918313,70.52202625348211,15.20888324732956,69.96076465675694,15.225199170198094,europe,europe,seab,seab,
698,695,696,0.06979205510080011,2022.2773202169965,2022.2773202169965,69.96076465675694,15.225199170198094,78.63770820926212,21.99382048605845,europe,europe,seab,seab,EPI_ISL_18963364|A/Great_skua/Norway/2022-07-1486-3/2022|H5N5|Europe|2022-07-07|wild_avian|A6
699,695,697,0.06979205510080011,2022.2773202169965,2022.2773202169965,69.96076465675694,15.225199170198094,68.17847542281014,14.667603912456578,europe,europe,seab,seab,
700,697,698,0.09296458397828354,2022.3699154477474,2022.3699154477474,68.17847542281014,14.667603912456578,78.63415023043139,21.99468836476247,europe,europe,seab,seab,EPI_ISL_18877922|A/Great_skua/Norway/2022-07-1486-1/2022|H5N5|Europe|2022-06-26|wild_avian|A6
701,697,699,0.09296458397828354,2022.3699154477474,2022.3699154477474,68.17847542281014,14.667603912456578,63.99279848179775,12.309168609709857,europe,europe,seab,seab,EPI_ISL_18855708|A/Herring_gull/Norway/2022-07-897-4/2022|H5N5|Europe|2022-05-30|wild_avian|A6
702,700,701,0.11424390264813578,2022.4258987776627,2022.4258987776627,78.59353427508603,21.931118042584945,78.63844378347734,21.98988143701606,europe,europe,seab,seab,EPI_ISL_18963363|A/Glaucous_gull/Norway/2022-07-1148-S_/2022|H5N5|Europe|2022-06-17|wild_avian|A6
703,700,702,0.11424390264813578,2022.4258987776627,2022.4258987776627,78.59353427508603,21.931118042584945,78.63351974893051,21.992591219827737,europe,europe,seab,seab,EPI_ISL_18454937|A/Glaucous_gull/Norway/2022-07-1148/2022|H5N5|Europe|2022-06-13|wild_avian|A6
704,704,706,0.7731929039995817,2021.1954263019775,2021.1954263019775,66.75940324440778,92.75019835770809,66.75613413729195,93.84847936614557,europe,europe,gds,gds,EPI_ISL_16209277|A/shelduck/Kalmykia/1814-1/2021|H5N5|Europe|2021-11-08|wild_avian|A6
705,704,705,0.7731929039995817,2021.1954263019775,2021.1954263019775,66.75940324440778,92.75019835770809,66.75720238298555,93.85098631950103,europe,europe,gds,gds,EPI_ISL_16209278|A/waterfowl/Russia/1526-4/2021|H5N5|Europe|2021-09-28|wild_avian|A6
